Century,r_global_avg,arrival_eval_rate,arrival_flight_rate,meet_ttot_rate,sum_depflight,collisions_avg,wait_num_avg,fstep_avg,r_avg_0,r_avg_1,r_avg_2,r_avg_3,r_avg_4,r_avg_5,r_global_eval,r_eval_0,r_eval_1,r_eval_2,r_eval_3,r_eval_4,r_eval_5,r_eval_local,duration (s), dist_action
100,-4285.81,0.00,0.35,0.06,31,58.00,0.00,419.90,-865.83,-863.10,-840.09,-431.29,-499.68,-785.82,-2523.36,-498.09,-698.78,-576.19,-174.58,-63.98,-511.74,-2523.36,3306,[0.13456147 0.24209051 0.19373248 0.19873849 0.23087705]
200,-4236.08,0.00,0.32,0.06,32,59.20,0.00,434.40,-805.32,-898.80,-833.88,-435.59,-544.03,-718.46,-2635.46,-560.49,-677.90,-604.27,-62.17,-158.68,-571.95,-2635.46,4210,[0.1393 0.2328 0.2007 0.1961 0.2311]
300,-4047.48,0.00,0.35,0.03,29,26.60,0.00,420.20,-823.75,-852.53,-802.32,-427.64,-436.26,-704.98,-2500.36,-580.86,-744.89,-592.81,-48.84,-53.02,-479.94,-2500.36,4054,[0.1354 0.2415 0.1921 0.2019 0.2291]
400,-4039.93,0.00,0.33,0.00,30,18.80,0.00,427.00,-834.38,-861.46,-790.33,-369.64,-455.36,-728.76,-2335.78,-590.00,-678.18,-559.85,20.40,9.40,-537.55,-2335.78,4161,[0.14185674 0.23689476 0.19317727 0.19867947 0.22939176]
500,-3989.81,0.00,0.33,0.00,30,17.00,0.00,427.00,-748.05,-862.50,-771.46,-447.31,-416.56,-743.93,-2314.34,-587.35,-665.24,-555.35,20.40,8.90,-535.70,-2314.34,4055,[0.14   0.2358 0.1976 0.1952 0.2314]
600,-3947.95,0.00,0.35,0.00,29,21.00,0.00,423.80,-806.82,-916.81,-732.37,-390.35,-396.49,-705.11,-2261.15,-552.43,-588.23,-551.67,16.20,-47.12,-537.90,-2261.15,4163,[0.13822851 0.24485906 0.18517404 0.20563748 0.22610091]
700,-3853.52,0.00,0.32,0.03,29,44.60,0.00,443.80,-741.43,-856.05,-748.28,-396.12,-415.61,-696.02,-2689.29,-416.76,-659.89,-603.51,-178.02,-296.20,-534.91,-2689.29,4140,[0.1358 0.2272 0.197  0.1992 0.2408]
800,-3814.37,0.00,0.33,0.00,30,28.20,0.00,427.00,-754.73,-899.21,-706.29,-335.79,-434.52,-683.83,-2319.01,-616.70,-640.84,-553.62,20.40,8.90,-537.15,-2319.01,4228,[0.1355 0.248  0.1813 0.2104 0.2248]
900,-3801.86,0.00,0.30,0.00,31,42.40,0.00,444.30,-686.62,-863.25,-714.31,-438.37,-404.58,-694.72,-2577.04,-609.71,-650.34,-602.92,-37.88,-91.47,-584.72,-2577.04,4079,[0.1353 0.24   0.1891 0.2033 0.2323]
1000,-3747.18,0.00,0.47,0.11,27,72.80,0.00,375.50,-771.02,-897.64,-661.80,-400.97,-340.79,-674.96,-2253.03,-613.10,-539.89,-404.25,-140.50,-55.68,-499.61,-2253.03,4218,[0.13697395 0.24298597 0.18637275 0.20761523 0.2260521 ]
1100,-3715.08,0.00,0.32,0.03,32,57.80,0.00,438.80,-700.30,-845.69,-729.61,-404.90,-390.68,-643.89,-2738.72,-547.76,-684.53,-536.44,-114.13,-318.40,-537.46,-2738.72,4199,[0.1359 0.2362 0.1943 0.2025 0.2311]
1200,-3674.62,0.00,0.32,0.09,34,50.60,0.00,433.80,-767.15,-847.12,-689.04,-408.58,-307.53,-655.20,-2785.34,-685.95,-491.61,-625.83,-34.76,-283.28,-663.91,-2785.34,4107,[0.13735932 0.23934887 0.18971061 0.19614148 0.23743971]
1300,-3463.15,0.00,0.33,0.00,30,27.40,0.00,427.00,-682.88,-780.54,-654.94,-337.57,-316.24,-690.99,-2321.73,-615.40,-634.93,-564.00,20.40,8.90,-536.70,-2321.73,3948,[0.13934756 0.25533629 0.18455497 0.19522755 0.22553363]
1400,-3530.07,0.00,0.33,0.07,29,107.80,0.00,427.40,-719.99,-751.74,-609.32,-404.26,-411.81,-632.95,-2724.85,-524.12,-497.45,-652.65,-292.72,-205.61,-552.30,-2724.85,4087,[0.12754178 0.24431246 0.18924904 0.20606    0.23283672]
1500,-3469.97,0.00,0.25,0.00,29,47.40,0.00,469.90,-731.39,-765.92,-620.51,-310.71,-346.50,-694.95,-2892.74,-612.20,-728.65,-539.74,-219.94,-182.12,-610.09,-2892.74,4065,[0.13358779 0.2387505  0.18621937 0.21092808 0.23051426]
1600,-3423.41,0.00,0.58,0.00,29,80.40,0.00,367.10,-735.29,-707.04,-589.35,-360.15,-411.34,-620.24,-2553.58,-383.88,-661.37,-339.08,-288.49,-110.49,-770.27,-2553.58,4018,[0.14118949 0.243333   0.18697796 0.20167052 0.22682902]
1700,-3169.05,0.00,0.57,0.23,30,36.40,0.00,326.60,-643.97,-652.50,-544.36,-367.15,-343.07,-618.00,-1675.80,-119.19,-601.27,-173.04,-165.70,-114.54,-502.06,-1675.80,3951,[0.13363119 0.25588952 0.17536556 0.2088749  0.22623883]
1800,-3344.14,0.00,0.67,0.03,30,6.00,0.00,292.80,-663.36,-659.59,-555.38,-375.29,-379.86,-710.66,-1233.15,-34.25,-625.55,-67.50,20.40,8.90,-535.15,-1233.15,4003,[0.13981331 0.25629058 0.17380276 0.20271916 0.22737419]
1900,-3383.24,0.00,0.52,0.06,31,9.00,0.00,390.50,-672.35,-709.37,-585.68,-353.81,-392.51,-669.52,-1989.50,-402.85,-620.22,-323.33,-59.00,-47.51,-536.59,-1989.50,3984,[0.14256722 0.24911213 0.1854896  0.1964485  0.22638255]
2000,-3028.24,0.00,0.55,0.28,25,58.70,0.00,330.90,-655.38,-633.22,-522.77,-283.36,-320.26,-613.26,-2142.13,-264.87,-624.30,-303.47,-302.03,-259.85,-387.61,-2142.13,3882,[0.14027565 0.26411434 0.16702399 0.20592139 0.22266462]
2100,-2927.61,0.00,0.57,0.00,29,24.20,0.00,350.80,-644.70,-610.33,-523.45,-242.84,-348.38,-557.92,-1807.58,-177.17,-636.89,-230.07,-61.40,-164.01,-538.04,-1807.58,3802,[0.13592635 0.26088756 0.17626978 0.20182063 0.22509569]
2200,-3043.96,0.00,0.60,0.44,32,14.60,0.00,296.50,-582.19,-654.66,-539.00,-301.94,-340.25,-625.92,-1521.58,-93.10,-543.29,-172.90,-38.71,-67.23,-606.35,-1521.58,3931,[0.12996723 0.26065137 0.17912741 0.20473167 0.22552233]
2300,-2933.51,0.00,0.63,0.24,29,23.80,0.00,289.00,-611.22,-544.94,-545.58,-373.13,-301.91,-556.74,-1441.64,-37.87,-503.82,-140.60,-81.05,-193.41,-484.89,-1441.64,3857,[0.13651697 0.25816993 0.18469323 0.19955724 0.22106262]
2400,-2882.31,0.00,0.55,0.07,28,38.80,0.00,343.80,-637.82,-551.43,-501.71,-312.55,-310.06,-568.74,-2078.27,-147.32,-744.59,-268.90,-246.07,-53.53,-617.86,-2078.27,3875,[0.13405128 0.26697436 0.16769231 0.21148718 0.21979487]
2500,-3028.59,0.00,0.65,0.39,31,6.00,0.00,273.90,-599.93,-593.51,-498.70,-336.05,-359.17,-641.23,-1289.90,25.82,-630.17,-66.68,-38.01,11.66,-592.52,-1289.90,3714,[0.13595135 0.26808905 0.17429396 0.20356627 0.21809936]
2600,-2816.44,0.00,0.62,0.52,27,18.40,0.00,294.70,-535.34,-577.62,-472.47,-347.66,-292.58,-590.78,-1466.91,-110.27,-635.70,-40.96,6.60,-166.90,-519.68,-1466.91,3507,[0.13399661 0.27413209 0.16363251 0.21136749 0.2168713 ]
2700,-2942.51,0.00,0.65,0.38,29,41.60,0.00,271.10,-577.25,-550.79,-469.72,-376.44,-354.37,-613.94,-1536.97,-104.62,-700.32,-2.52,24.01,-104.16,-649.36,-1536.97,3617,[0.13296941 0.27263364 0.17118138 0.20784839 0.21536719]
2800,-2818.64,0.00,0.63,0.47,30,26.40,0.00,287.10,-563.00,-606.31,-462.19,-294.03,-338.80,-554.30,-1486.55,-46.01,-650.59,-169.51,-129.80,3.15,-493.79,-1486.55,3429,[0.13572854 0.27471373 0.16629898 0.20737472 0.21588402]
2900,-2717.15,0.00,0.67,0.44,27,8.60,0.00,263.80,-557.90,-519.93,-449.46,-276.55,-334.41,-578.90,-1291.08,22.68,-787.74,-2.71,-36.95,1.67,-488.03,-1291.08,3420,[0.13219415 0.27854073 0.16028934 0.21123808 0.21773771]
3000,-2837.41,0.00,0.58,0.21,33,6.00,0.00,315.70,-515.63,-539.03,-464.65,-331.58,-340.02,-646.51,-1655.20,-45.75,-701.62,-222.86,-99.86,-148.08,-437.03,-1655.20,3487,[0.13175886 0.28205925 0.16262689 0.21068987 0.21286513]
3100,-2648.46,0.00,0.63,0.32,31,6.00,0.00,288.30,-506.04,-474.77,-484.78,-312.95,-274.56,-595.36,-1510.64,-31.89,-758.01,-43.77,-37.89,-94.23,-544.85,-1510.64,3709,[0.13027504 0.28584925 0.15777871 0.20795717 0.21813983]
3200,-2681.12,0.00,0.75,0.44,27,10.40,0.00,233.90,-517.71,-521.98,-521.12,-308.26,-221.26,-590.79,-960.54,-45.36,-100.78,-157.37,6.36,-172.62,-490.77,-960.54,3705,[0.13220019 0.28884692 0.15811562 0.19966425 0.22117301]
3300,-2533.71,0.00,0.65,0.41,29,20.40,0.00,280.10,-519.63,-462.99,-418.13,-294.92,-308.90,-529.15,-1478.58,20.04,-672.36,-43.35,-36.26,-141.95,-604.70,-1478.58,3626,[0.13555239 0.27657944 0.15624658 0.20223366 0.22938793]
3400,-2749.30,0.00,0.77,0.69,32,36.20,0.00,204.70,-509.92,-451.18,-513.12,-323.04,-344.54,-607.50,-876.39,-78.47,-25.09,-91.42,-81.24,-79.35,-520.82,-876.39,3519,[0.13351036 0.27158789 0.16569304 0.21189591 0.2173128 ]
3500,-2545.98,0.00,0.73,0.62,32,9.00,0.00,224.70,-379.45,-516.23,-473.40,-286.23,-298.63,-592.03,-887.12,-97.37,-125.56,-87.39,-95.01,-48.62,-433.17,-887.12,3534,[0.13225256 0.28519625 0.16190273 0.2006186  0.22002986]
3600,-2542.66,0.00,0.77,0.61,28,6.20,0.00,205.40,-484.26,-405.03,-481.31,-276.62,-302.12,-593.32,-821.05,-41.37,-93.46,11.49,-38.79,-50.64,-608.28,-821.05,3628,[0.13202218 0.29072079 0.1562925  0.20357778 0.21738676]
3700,-2452.28,0.00,0.78,0.76,29,6.60,0.00,195.80,-481.48,-381.25,-450.57,-305.06,-270.38,-563.53,-749.95,-31.46,-89.95,-42.11,-110.27,8.74,-484.90,-749.95,3527,[0.13027068 0.27779575 0.16596571 0.20769977 0.21826809]
3800,-2423.47,0.00,0.75,0.55,31,26.80,0.00,214.30,-464.59,-397.27,-400.59,-281.82,-324.66,-554.54,-898.28,-59.84,-33.38,-58.90,-93.23,-159.95,-492.98,-898.28,3400,[0.13223415 0.28173066 0.15259489 0.20117296 0.23226735]
3900,-2248.03,0.00,0.77,0.73,30,26.40,0.00,208.80,-430.80,-332.45,-452.86,-287.34,-267.83,-476.76,-800.92,-93.67,-83.29,-54.70,-76.44,-63.15,-429.67,-800.92,3500,[0.13266209 0.29663642 0.15324187 0.19938039 0.21807922]
4000,-2525.09,0.00,0.77,0.65,26,26.60,0.00,219.50,-376.74,-431.99,-479.20,-322.24,-316.62,-598.30,-971.07,-171.25,-95.28,-126.13,-105.87,-105.53,-367.01,-971.07,3573,[0.13889784 0.2783328  0.1593082  0.20979697 0.2136642 ]
4100,-2388.91,0.00,0.70,0.53,34,26.30,0.00,243.20,-443.72,-352.60,-455.59,-303.49,-296.15,-537.36,-1200.35,-121.37,-142.01,-120.23,-202.84,-277.36,-336.54,-1200.35,3504,[0.12986868 0.28689072 0.16202982 0.20020031 0.22101046]
4200,-2337.97,0.00,0.70,0.61,31,26.00,0.00,241.10,-417.74,-370.55,-403.94,-291.64,-293.21,-560.89,-1179.04,-41.92,-194.38,-111.60,-183.65,-134.91,-512.58,-1179.04,3667,[0.13265751 0.28384565 0.15816438 0.20154785 0.22378461]
4300,-2559.36,0.00,0.82,0.77,30,11.80,0.00,184.40,-428.99,-410.74,-450.13,-336.85,-333.79,-598.87,-615.06,22.06,21.95,7.27,-61.71,-47.75,-556.88,-615.06,3641,[0.12667546 0.28784882 0.15524061 0.20973412 0.22050099]
4400,-2283.40,0.00,0.75,0.79,28,44.00,0.00,216.60,-386.20,-403.88,-419.03,-247.74,-265.98,-560.57,-1015.75,30.90,-168.13,-96.76,-191.54,-103.64,-486.58,-1015.75,3590,[0.12509644 0.28711562 0.16091701 0.20147691 0.22539403]
4500,-2240.90,0.00,0.78,0.55,31,6.00,0.00,195.30,-360.10,-384.23,-407.67,-330.40,-269.49,-489.01,-664.65,-37.03,-34.24,-45.03,23.44,-84.49,-487.30,-664.65,3546,[0.12795455 0.29329545 0.15363636 0.19329545 0.23181818]
4600,-2215.86,0.00,0.68,0.50,30,64.80,0.00,253.60,-398.48,-365.77,-398.60,-260.25,-254.09,-538.67,-1303.37,-187.95,-272.15,-253.04,-50.11,-113.01,-427.11,-1303.37,3522,[0.13217179 0.27932527 0.15891688 0.20219731 0.22738875]
4700,-2236.80,0.10,0.78,0.66,29,91.80,0.00,197.70,-416.16,-370.72,-364.57,-260.07,-319.47,-505.82,-1131.78,-269.40,-0.16,16.41,-185.21,-145.24,-548.18,-1131.78,3544,[0.13355012 0.2690065  0.16685355 0.20161471 0.22897511]
4800,-2148.72,0.00,0.77,0.77,30,25.20,0.00,211.80,-375.81,-356.55,-385.67,-232.92,-283.53,-514.23,-799.30,-102.94,-42.18,-40.89,-38.79,12.74,-587.24,-799.30,3459,[0.130678   0.28294921 0.14969792 0.20966659 0.22700828]
4900,-2068.29,0.00,0.82,0.81,32,18.60,0.00,178.90,-382.89,-268.70,-393.78,-266.07,-276.64,-480.20,-560.36,38.74,-62.03,12.71,21.03,10.67,-581.48,-560.36,3437,[0.12734554 0.28043478 0.16212815 0.20892449 0.22116705]
5000,-2020.58,0.10,0.80,0.52,33,24.60,0.00,205.80,-297.33,-325.35,-380.09,-292.58,-255.74,-469.49,-722.07,-27.51,-67.06,-64.05,-43.58,-86.43,-433.44,-722.07,3413,[0.12548306 0.27131166 0.16560582 0.20720618 0.23039327]
5100,-1994.85,0.00,0.70,0.74,27,34.20,0.00,237.80,-286.31,-320.37,-424.91,-238.48,-234.89,-489.90,-1207.95,-227.16,-128.65,-128.66,22.16,-281.34,-464.30,-1207.95,3250,[0.12494162 0.2852639  0.15927137 0.20387669 0.22664643]
5200,-2070.45,0.00,0.73,0.77,30,20.60,0.00,222.60,-356.57,-303.82,-421.50,-259.79,-236.50,-492.27,-861.62,27.56,-63.30,-72.81,-95.03,-108.31,-549.73,-861.62,3378,[0.12190345 0.27583823 0.16499597 0.20739717 0.22986519]
5300,-2077.16,0.00,0.73,0.83,29,30.40,0.00,221.20,-367.39,-335.39,-359.70,-250.73,-230.22,-533.73,-956.88,-96.51,-145.17,18.04,-141.34,-82.76,-509.14,-956.88,3426,[0.12970241 0.28062886 0.152274   0.20920831 0.22818641]
5400,-1982.46,0.00,0.73,0.63,30,6.80,0.00,228.60,-303.07,-289.94,-424.56,-228.12,-225.29,-511.48,-864.22,-152.43,-24.86,-57.72,-37.45,-107.33,-484.43,-864.22,3307,[0.12696952 0.29223692 0.14456584 0.20828062 0.2279471 ]
5500,-2077.11,0.00,0.83,0.77,30,6.00,0.00,170.00,-341.20,-344.38,-349.73,-256.52,-258.37,-526.92,-447.30,33.60,22.80,14.70,20.40,8.90,-547.70,-447.30,3534,[0.12536673 0.28345746 0.15549537 0.20841796 0.22726247]
5600,-2034.98,0.00,0.72,0.68,34,46.60,0.00,232.30,-293.77,-284.71,-402.28,-242.24,-282.01,-529.97,-1112.88,-110.34,-88.19,-279.76,14.67,-145.38,-503.88,-1112.88,3422,[0.12946222 0.28419101 0.14997682 0.20700046 0.22936949]
5700,-2147.42,0.00,0.77,0.52,33,10.60,0.00,205.00,-370.48,-334.09,-373.98,-273.51,-236.74,-558.61,-785.92,-34.77,-114.09,-69.90,-56.93,-59.22,-451.01,-785.92,3638,[0.12195662 0.28895529 0.14752103 0.21137672 0.23019035]
5800,-2064.02,0.00,0.68,0.64,28,80.70,0.00,254.30,-322.67,-317.74,-418.89,-242.19,-248.38,-514.16,-1616.79,-125.29,-199.32,19.18,-264.76,-351.09,-695.51,-1616.79,3463,[0.12350051 0.29018622 0.15103393 0.20941392 0.22586542]
5900,-2049.74,0.00,0.70,0.68,28,6.00,0.00,240.20,-320.42,-295.62,-337.49,-279.39,-272.53,-544.29,-1061.60,-95.72,-95.82,-200.69,-102.78,-104.86,-461.73,-1061.60,3428,[0.13247624 0.2823924  0.15595305 0.20715484 0.22202348]
6000,-2002.80,0.00,0.77,0.69,32,20.60,0.00,204.60,-354.85,-289.62,-417.55,-250.05,-221.30,-469.43,-826.44,-141.10,-79.82,9.57,-127.30,-48.66,-439.13,-826.44,3321,[0.12575899 0.2790752  0.15693601 0.20936478 0.22886502]
6100,-2040.06,0.10,0.73,0.73,30,55.40,0.00,223.00,-365.43,-304.54,-390.70,-252.26,-230.51,-496.62,-1122.21,-42.15,-189.72,-49.05,-148.65,-102.90,-589.74,-1122.21,3647,[0.12537211 0.28245935 0.15846119 0.1999084  0.23379895]
6200,-1906.64,0.00,0.80,0.68,31,8.00,0.00,186.50,-265.63,-366.98,-368.46,-245.07,-234.90,-425.59,-613.33,26.61,-41.60,-71.28,-42.32,11.04,-495.78,-613.33,3393,[0.12422656 0.2921228  0.15207044 0.20882913 0.22275107]
6300,-2045.13,0.00,0.78,0.67,30,8.60,0.00,198.20,-334.88,-290.13,-407.20,-255.81,-221.59,-535.52,-776.02,-114.38,22.02,-3.68,-37.32,-45.86,-596.80,-776.02,3360,[0.12099276 0.29162358 0.16143858 0.20843387 0.2175112 ]
6400,-1981.25,0.00,0.72,0.57,30,29.30,0.00,236.40,-320.29,-297.99,-396.31,-224.79,-233.75,-508.12,-1189.93,-202.26,-203.00,-198.56,-30.95,-108.91,-446.25,-1189.93,3257,[0.1305123  0.28016165 0.16046595 0.19969095 0.22916914]
6500,-1773.77,0.00,0.83,0.83,30,6.00,0.00,170.20,-289.79,-224.33,-344.59,-264.34,-228.89,-421.83,-448.11,33.60,25.80,17.79,20.40,8.90,-554.60,-448.11,3074,[0.12352135 0.28975221 0.15066617 0.20395966 0.23210061]
6600,-2063.47,0.00,0.68,0.50,32,40.00,0.00,251.80,-394.84,-299.82,-368.58,-251.71,-254.16,-494.36,-1235.61,-230.34,8.43,-186.26,-112.12,-159.85,-555.47,-1235.61,3397,[0.12705583 0.27854992 0.15751679 0.20685661 0.23002085]
6700,-1935.70,0.00,0.83,0.77,30,6.00,0.00,170.40,-359.18,-275.43,-358.69,-286.72,-206.97,-448.72,-450.46,33.60,28.47,12.87,20.40,8.90,-554.70,-450.46,3251,[0.12050097 0.28331712 0.16111381 0.20938716 0.22568093]
6800,-1901.85,0.00,0.77,0.74,27,39.40,0.00,204.80,-303.96,-295.52,-331.89,-252.93,-232.13,-485.42,-856.94,-48.18,-168.98,-79.29,-83.54,-46.14,-430.81,-856.94,3238,[0.11890838 0.28918702 0.1543401  0.21511295 0.22245155]
6900,-2045.09,0.00,0.67,0.69,26,16.20,0.00,264.90,-315.61,-278.66,-440.56,-252.49,-254.57,-503.19,-1394.70,-131.39,-217.03,-222.85,-251.42,-128.90,-443.11,-1394.70,3360,[0.12407493 0.27786772 0.15402405 0.21253469 0.23149861]
7000,-2080.23,0.00,0.78,0.62,32,24.20,0.00,195.70,-330.74,-318.94,-383.04,-296.68,-244.22,-506.61,-771.32,23.53,-41.42,-38.44,-39.68,-116.65,-558.66,-771.32,3354,[0.12579636 0.27719217 0.1630951  0.20583806 0.2280783 ]
7100,-1995.71,0.00,0.80,0.78,32,5.60,0.00,190.50,-325.10,-314.06,-371.72,-289.52,-268.05,-427.26,-563.40,26.51,-31.92,22.25,-95.46,-48.63,-436.15,-563.40,3277,[0.1191285  0.27878646 0.16235211 0.21740658 0.22232634]
7200,-1929.15,0.00,0.83,0.83,30,6.00,0.00,170.00,-335.36,-281.80,-349.50,-206.39,-238.41,-517.68,-439.22,30.60,31.80,18.78,20.40,8.90,-549.70,-439.22,3041,[0.11652989 0.28898007 0.15509965 0.21395076 0.22543962]
7300,-1650.51,0.00,0.67,0.63,27,64.80,0.00,266.70,-259.99,-201.68,-349.06,-177.22,-159.05,-503.52,-1548.55,-256.87,-210.91,-195.71,-212.77,-28.83,-643.46,-1548.55,2848,[0.12441198 0.28385739 0.15721713 0.20685813 0.22765536]
7400,-1750.46,0.00,0.82,0.79,28,6.00,0.00,179.50,-241.18,-340.36,-356.67,-220.89,-193.94,-397.43,-521.81,24.59,22.45,-36.86,-46.32,7.58,-493.25,-521.81,2894,[0.11895087 0.30390346 0.14493289 0.21019579 0.22201699]
7500,-1606.51,0.00,0.80,0.82,28,14.80,0.00,195.20,-269.35,-165.26,-305.98,-236.71,-214.04,-415.15,-688.12,21.76,-32.56,-87.44,-41.51,10.60,-558.97,-688.12,2806,[0.12404605 0.28831975 0.15638339 0.19298926 0.23826154]
7600,-1606.07,0.00,0.77,0.72,32,23.20,0.00,205.20,-272.78,-181.66,-332.74,-169.25,-194.28,-455.35,-799.08,-62.21,-124.72,-79.77,18.20,-52.22,-498.36,-799.08,2879,[0.11832718 0.29926199 0.14735547 0.21303813 0.22201722]
7700,-1584.22,0.00,0.80,0.64,33,5.20,0.00,185.30,-231.04,-205.44,-312.91,-192.97,-198.18,-443.68,-605.58,-50.60,-35.37,-34.12,-60.48,10.04,-435.05,-605.58,2764,[0.11539427 0.30411853 0.14904571 0.2112004  0.22024108]
7800,-1662.11,0.00,0.83,0.80,30,6.00,0.00,170.20,-273.95,-217.40,-330.42,-223.10,-206.32,-410.92,-446.52,30.60,31.80,16.38,20.40,8.90,-554.60,-446.52,2796,[0.11345511 0.2977875  0.15538976 0.20465655 0.22871109]
7900,-1590.07,0.00,0.70,0.41,29,31.60,0.00,240.70,-256.67,-205.34,-350.14,-204.85,-176.06,-397.02,-1142.87,-135.42,-63.88,-157.28,-152.14,-118.41,-515.74,-1142.87,2663,[0.11770806 0.30840031 0.14363495 0.20015556 0.23010111]
8000,-1904.85,0.00,0.83,0.57,30,13.20,0.00,178.70,-343.98,-257.85,-366.21,-215.46,-234.92,-486.42,-535.54,22.74,-15.47,-50.27,0.03,-48.84,-443.73,-535.54,3010,[0.11648094 0.28046921 0.16234604 0.20832845 0.23237537]
8100,-1586.46,0.10,0.80,0.76,29,25.80,0.00,186.90,-268.71,-187.46,-318.85,-224.29,-187.38,-399.77,-678.55,-83.37,-33.22,24.20,13.25,-51.61,-547.80,-678.55,2756,[0.1183231  0.30442732 0.13647643 0.20700013 0.23377302]
8200,-1628.37,0.00,0.78,0.67,30,6.20,0.00,201.90,-323.05,-174.00,-287.07,-206.40,-198.49,-439.36,-738.04,-40.71,-37.40,-55.34,21.01,-47.53,-578.07,-738.04,2871,[0.12157979 0.29775907 0.13854154 0.21431224 0.22780735]
8300,-1711.80,0.00,0.73,0.77,30,31.80,0.00,221.50,-277.80,-237.59,-311.24,-223.38,-233.75,-428.04,-1141.82,-21.87,-189.38,-209.28,-35.20,-103.83,-582.26,-1141.82,2965,[0.11766951 0.27502862 0.16651825 0.20697112 0.23381249]
8400,-1549.96,0.00,0.75,0.72,29,20.20,0.00,213.00,-256.42,-202.35,-296.39,-230.53,-162.42,-401.85,-835.80,-48.72,-129.18,-103.04,18.02,14.03,-586.91,-835.80,2858,[0.11434159 0.2970013  0.15071708 0.20391134 0.23402868]
8500,-1537.31,0.00,0.77,0.66,29,20.40,0.00,205.70,-288.56,-173.95,-311.69,-208.07,-172.09,-382.96,-857.12,-91.06,-75.21,17.97,-52.39,-44.39,-612.04,-857.12,2899,[0.11845132 0.29108101 0.14336826 0.21300792 0.23409149]
8600,-1814.50,0.10,0.75,0.67,30,26.40,0.00,229.90,-306.05,-247.03,-377.33,-231.75,-219.77,-432.57,-1056.41,-112.23,-69.09,-161.22,-241.61,-44.81,-427.45,-1056.41,3097,[0.12163155 0.28392945 0.1544586  0.20455659 0.23542381]
8700,-1626.73,0.00,0.78,0.66,32,10.60,0.00,198.20,-252.77,-282.99,-285.99,-219.69,-164.27,-421.01,-653.44,-44.59,-47.86,-33.83,-44.11,-49.41,-433.64,-653.44,3077,[0.12052827 0.30478266 0.14681369 0.19746121 0.23041416]
8800,-1552.31,0.00,0.78,0.68,31,5.60,0.00,196.20,-247.89,-204.28,-298.59,-209.47,-202.10,-389.99,-675.67,31.25,-38.65,22.10,-43.71,-92.79,-553.87,-675.67,3078,[0.11033941 0.312672   0.14205216 0.20613288 0.22880356]
8900,-1513.64,0.00,0.83,0.70,30,6.40,0.00,170.40,-197.09,-204.60,-312.57,-203.54,-185.11,-410.72,-457.92,27.60,28.80,12.80,18.68,8.90,-554.70,-457.92,3000,[0.11730167 0.30206159 0.15200939 0.20772443 0.22090292]
9000,-1563.36,0.00,0.78,0.87,30,16.60,0.00,197.90,-233.96,-189.95,-310.19,-224.84,-202.64,-401.79,-708.48,-44.57,-56.58,16.12,-44.15,9.09,-588.39,-708.48,2937,[0.1168273  0.29226361 0.15355561 0.2034384  0.23391508]
9100,-1482.26,0.00,0.75,0.93,27,50.20,0.00,213.40,-204.45,-209.30,-285.03,-198.69,-187.63,-397.17,-1074.05,29.60,32.91,-225.70,-58.41,-184.73,-667.72,-1074.05,2754,[0.11535891 0.30610881 0.15131667 0.20237936 0.22483625]
9200,-1428.85,0.00,0.82,0.64,28,8.00,0.00,178.80,-233.80,-178.66,-287.55,-172.80,-176.50,-379.54,-582.94,-27.72,21.21,13.79,14.72,-98.47,-506.47,-582.94,2807,[0.11671749 0.3073191  0.14374827 0.20002772 0.23218741]
9300,-1480.52,0.00,0.70,0.60,30,44.00,0.00,247.70,-190.88,-191.07,-284.45,-221.70,-171.55,-420.86,-1367.35,-115.06,-127.47,-226.79,-273.66,-129.74,-494.63,-1367.35,3065,[0.1154963  0.30992608 0.14321542 0.20987328 0.22148891]
9400,-1361.81,0.00,0.78,0.74,31,5.80,0.00,195.60,-160.65,-163.03,-242.76,-214.29,-187.94,-393.14,-669.00,30.71,-48.92,-38.23,-58.59,8.17,-562.14,-669.00,2865,[0.11672096 0.31256786 0.1434582  0.20426167 0.22299131]
9500,-1503.50,0.00,0.83,0.70,30,6.40,0.00,171.60,-244.37,-199.00,-308.22,-194.70,-194.13,-363.07,-463.08,27.60,28.80,12.80,15.74,8.90,-556.92,-463.08,2936,[0.11884754 0.29678538 0.14872616 0.20528211 0.23035881]
9600,-1348.80,0.00,0.78,0.76,29,13.60,0.00,215.30,-186.85,-158.01,-291.23,-188.69,-160.04,-363.98,-809.57,21.97,-61.62,-58.59,-144.64,-67.34,-499.35,-809.57,2809,[0.11738303 0.30671926 0.14676279 0.20443417 0.22470076]
9700,-1363.65,0.00,0.77,0.62,32,16.20,0.00,222.30,-219.06,-170.34,-258.70,-182.88,-173.03,-359.63,-846.43,-55.15,-113.44,15.04,-34.42,-138.30,-520.16,-846.43,2732,[0.11403143 0.30913642 0.14490335 0.20456126 0.22736754]
9800,-1454.58,0.00,0.83,0.60,30,6.00,0.00,170.80,-224.64,-117.75,-312.71,-209.65,-179.16,-410.67,-465.80,21.26,16.80,21.54,20.40,8.90,-554.70,-465.80,2677,[0.12218737 0.30137734 0.14618846 0.19991818 0.23032865]
9900,-1287.63,0.00,0.80,0.71,31,22.20,0.00,186.80,-192.53,-164.80,-258.61,-190.99,-161.03,-319.67,-647.15,28.42,27.55,-77.23,17.77,-88.98,-554.68,-647.15,2497,[0.12323944 0.30309859 0.1415493  0.21014085 0.22197183]
10000,-1517.09,0.00,0.75,0.67,30,25.40,0.00,218.70,-211.46,-203.13,-282.16,-175.45,-209.86,-435.01,-1037.55,-131.39,21.02,-232.93,-167.36,-55.35,-471.54,-1037.55,2660,[0.11503719 0.27962274 0.17521254 0.20536663 0.22476089]
10100,-1344.69,0.00,0.68,0.75,28,53.40,0.00,258.00,-242.95,-156.16,-291.05,-172.72,-171.18,-310.63,-1390.56,-115.52,-148.29,-240.87,-191.87,-289.69,-404.32,-1390.56,2558,[0.11270578 0.29280991 0.15210356 0.20092866 0.24145209]
10200,-1366.41,0.00,0.83,0.86,28,6.20,0.00,178.80,-197.97,-166.16,-230.25,-214.79,-183.97,-373.27,-567.63,29.10,32.89,1.08,-54.55,10.05,-586.20,-567.63,2529,[0.11638169 0.31742967 0.13086045 0.20780474 0.22752344]
10300,-1342.57,0.50,0.80,0.63,27,20.00,0.00,198.10,-183.12,-189.72,-235.14,-189.03,-167.70,-377.87,-845.70,-98.53,-187.43,-176.71,1.10,-208.64,-175.49,-845.70,2577,[0.10751961 0.29605085 0.16716256 0.21233433 0.21693265]
10400,-1075.53,0.70,0.85,0.68,28,20.90,0.00,167.00,-148.58,-163.04,-240.97,-142.16,-144.37,-236.41,-528.12,-156.49,-38.90,15.10,-134.27,-106.96,-106.60,-528.12,2206,[0.11750205 0.30501233 0.14165982 0.1957272  0.2400986 ]
10500,-1171.30,1.00,1.00,0.63,30,6.00,0.00,90.40,-194.50,-159.45,-229.50,-159.88,-162.26,-265.70,94.49,27.60,20.30,16.80,20.40,8.60,0.79,94.49,2475,[0.10967159 0.30415788 0.15140102 0.19825249 0.23651702]
10600,-1303.14,0.80,0.95,0.53,32,9.20,0.00,122.50,-230.28,-208.74,-242.94,-139.59,-155.79,-325.80,-188.14,-62.61,-20.44,7.23,-35.85,-0.39,-76.08,-188.14,2424,[0.11258852 0.30885966 0.1452522  0.20508744 0.22821217]
10700,-1256.82,0.90,0.95,0.67,30,7.10,0.00,114.10,-203.52,-135.05,-246.76,-165.10,-167.09,-339.30,-131.32,24.99,-46.72,-61.64,-61.14,8.24,4.95,-131.32,2441,[0.11615644 0.29793467 0.14764904 0.19789073 0.24036912]
10800,-1227.72,0.80,0.88,0.66,29,9.40,0.00,149.50,-202.27,-180.27,-246.56,-166.79,-144.24,-287.60,-373.62,-106.60,11.66,-110.00,-109.81,12.92,-71.79,-373.62,2374,[0.11434511 0.3029403  0.14746065 0.2038907  0.23136323]
10900,-1170.50,1.00,1.00,0.77,30,6.00,0.00,92.00,-191.67,-104.08,-250.44,-151.20,-177.85,-295.26,103.19,21.09,25.80,22.80,20.40,8.90,4.20,103.19,2395,[0.11522941 0.30174862 0.15378867 0.19772829 0.23150501]
11000,-1198.99,0.80,0.88,0.70,30,24.90,0.00,148.80,-199.98,-156.56,-225.58,-167.64,-172.70,-276.53,-401.32,24.31,-148.64,-97.36,-78.29,-52.78,-48.56,-401.32,2381,[0.11064966 0.30510234 0.14891724 0.20305547 0.23227529]
11100,-1092.42,0.90,0.95,0.63,30,6.30,0.00,113.70,-153.63,-139.59,-247.31,-139.41,-152.86,-259.61,-150.54,-42.29,21.42,-54.54,-84.12,7.16,1.83,-150.54,2393,[0.11385756 0.3159277  0.14212884 0.19928936 0.22879654]
11200,-1196.19,0.80,0.90,0.67,30,24.80,0.00,140.70,-163.56,-136.72,-273.44,-186.05,-163.78,-272.64,-355.89,-132.37,21.49,-89.02,-57.66,11.17,-109.50,-355.89,2419,[0.11021709 0.31243358 0.14255351 0.20479733 0.22999848]
11300,-1054.32,0.60,0.82,0.64,28,40.40,0.00,185.30,-170.86,-118.65,-259.59,-127.49,-158.93,-218.80,-822.28,-66.02,-98.88,-85.67,-304.99,-93.34,-173.38,-822.28,2392,[0.10247462 0.29600254 0.15751904 0.1982868  0.24571701]
11400,-1160.80,0.70,0.85,0.70,27,35.00,0.00,167.80,-230.47,-141.47,-221.32,-175.15,-128.20,-264.19,-575.03,-142.63,-135.71,-51.17,-126.90,-62.59,-56.03,-575.03,2332,[0.11521236 0.29436293 0.15289575 0.19984556 0.2376834 ]
11500,-1195.79,0.90,0.93,0.66,29,17.60,0.00,123.80,-225.72,-134.31,-249.16,-167.43,-167.90,-251.28,-271.58,-74.85,27.90,-95.97,-56.60,11.43,-83.49,-271.58,2453,[0.11147395 0.29182129 0.15808223 0.19430013 0.2443224 ]
11600,-1113.73,0.80,0.90,0.64,28,7.00,0.00,139.90,-183.28,-156.94,-243.31,-152.57,-136.91,-240.71,-401.06,-86.10,-157.16,-82.30,20.43,13.57,-109.50,-401.06,2390,[0.1095172  0.29261145 0.16072806 0.1985192  0.23862409]
11700,-1210.34,0.90,0.97,0.80,30,13.20,0.00,114.60,-218.33,-211.07,-217.62,-165.28,-139.54,-258.50,-82.29,29.82,27.72,-53.57,-19.42,-64.70,-2.14,-82.29,2343,[0.11474176 0.30266526 0.14214727 0.202078   0.23836772]
11800,-997.76,0.80,0.95,0.67,27,13.40,0.00,115.50,-142.76,-125.07,-244.21,-141.54,-113.95,-230.23,-206.14,18.19,-79.36,-89.44,1.95,2.25,-59.73,-206.14,2222,[0.11364003 0.3110573  0.14398709 0.19870864 0.23260694]
11900,-1041.85,0.90,0.98,0.73,30,13.40,0.00,99.50,-138.81,-149.92,-218.69,-158.26,-139.14,-237.02,11.97,15.01,-33.74,9.03,22.39,10.93,-11.65,11.97,2458,[0.1064333  0.31488489 0.14364554 0.20230211 0.23273415]
12000,-1078.15,0.80,0.97,0.73,33,8.80,0.00,108.10,-168.52,-147.84,-226.89,-188.33,-126.56,-220.01,-68.69,-74.22,17.09,9.67,-43.19,15.91,6.05,-68.69,2467,[0.10556954 0.31340466 0.14458779 0.20075519 0.23568282]
12100,-1023.98,0.60,0.83,0.85,33,9.50,0.00,173.00,-186.74,-125.68,-221.94,-134.27,-127.32,-228.01,-629.86,-77.69,-140.22,-38.62,-228.28,-84.63,-60.42,-629.86,2405,[0.11276252 0.31179321 0.13925687 0.20210016 0.23408724]
12200,-1035.11,0.70,0.92,0.70,33,21.80,0.00,142.80,-179.36,-145.33,-191.99,-164.26,-136.52,-217.65,-362.18,-76.24,24.76,-151.16,4.57,-18.09,-146.02,-362.18,2391,[0.10658509 0.29544357 0.15907261 0.20302689 0.23587184]
12300,-1015.22,1.00,1.00,0.60,30,6.00,0.00,101.80,-159.69,-150.92,-185.45,-132.37,-136.97,-249.81,13.23,21.60,29.02,-70.03,19.54,8.90,4.20,13.23,2258,[0.1079865  0.30692592 0.14912422 0.19411859 0.24184477]
12400,-1062.68,0.70,0.90,0.72,29,24.90,0.00,148.30,-184.20,-126.49,-229.77,-157.06,-128.26,-236.91,-441.37,32.32,-112.92,-37.04,-102.20,-107.92,-113.61,-441.37,2367,[0.10885205 0.30497341 0.14310291 0.20863309 0.23443854]
12500,-1056.71,0.70,0.90,0.62,32,13.00,0.00,153.00,-160.56,-142.79,-237.88,-141.83,-125.63,-248.03,-372.49,15.69,-57.98,-37.46,-47.52,-101.02,-144.20,-372.49,2355,[0.10717585 0.31074838 0.14782877 0.21127194 0.22297505]
12600,-991.45,1.00,1.00,0.80,30,6.20,0.00,89.40,-143.69,-124.69,-213.15,-168.58,-96.36,-244.99,110.95,36.21,25.80,16.30,19.54,8.90,4.20,110.95,2288,[0.11023368 0.30604351 0.14198227 0.20257857 0.23916197]
12700,-935.30,0.70,0.87,0.70,27,27.00,0.00,164.60,-145.49,-131.31,-193.65,-139.62,-103.16,-222.09,-516.15,-50.49,-40.63,-59.68,-97.75,-103.66,-163.94,-516.15,2277,[0.1        0.31986755 0.1442053  0.20463576 0.23129139]
12800,-1022.02,0.70,0.92,0.73,33,6.40,0.00,135.00,-142.34,-143.54,-225.09,-137.85,-137.47,-235.72,-204.15,-34.95,-27.28,17.75,-36.81,-75.09,-47.77,-204.15,4111,[0.10553661 0.31985712 0.14417925 0.20295503 0.22747199]
12900,-910.67,0.60,0.90,0.67,30,7.60,0.00,146.20,-127.54,-126.34,-194.17,-151.92,-102.94,-207.77,-326.57,13.61,-63.12,-46.15,9.96,-136.40,-104.47,-326.57,2146,[0.09969584 0.32122339 0.13974316 0.20868537 0.23065225]
13000,-930.53,0.80,0.92,0.85,27,13.60,0.00,139.90,-167.23,-138.59,-167.00,-130.59,-124.55,-202.58,-307.35,-56.46,-31.38,-67.19,-76.03,-8.88,-67.41,-307.35,2169,[0.10734558 0.30767947 0.14240401 0.19766277 0.24490818]
13100,-958.74,0.90,0.98,0.68,31,5.60,0.00,97.50,-147.81,-127.65,-229.47,-98.96,-119.28,-235.58,49.40,18.21,22.90,28.45,18.71,-46.68,7.81,49.40,4012,[0.10853342 0.32089552 0.137573   0.21106424 0.22193381]
13200,-941.66,0.60,0.85,0.92,26,32.90,0.00,166.30,-187.53,-129.38,-217.68,-106.82,-103.17,-197.07,-782.91,-187.09,22.21,27.04,-256.12,-238.34,-150.61,-782.91,5011,[0.10921614 0.3014103  0.14594949 0.20022958 0.24319449]
13300,-960.27,0.70,0.90,0.74,27,10.80,0.00,148.40,-170.34,-77.16,-189.90,-149.30,-135.44,-238.14,-402.27,-107.20,-40.90,-146.43,-50.93,-1.80,-55.01,-402.27,2096,[0.10803043 0.29856298 0.14759087 0.19154691 0.25426881]
13400,-1050.17,0.70,0.92,0.65,31,5.20,0.00,129.40,-161.75,-175.56,-202.13,-141.74,-151.96,-217.02,-187.28,25.65,-153.78,14.49,18.85,-45.35,-47.14,-187.28,2204,[0.10821485 0.30394945 0.16050553 0.20552923 0.22180095]
13500,-928.28,0.80,0.97,0.71,31,7.20,0.00,114.20,-162.99,-115.83,-173.90,-144.73,-116.78,-214.05,-167.90,-193.69,29.41,17.65,14.20,-45.93,10.46,-167.90,2077,[0.10314595 0.31786144 0.13237064 0.20336943 0.24325254]
13600,-1058.45,0.90,0.98,0.79,33,5.80,0.00,98.30,-149.93,-116.60,-235.48,-170.70,-177.83,-207.90,53.99,23.29,22.23,29.52,-40.18,9.27,9.86,53.99,2224,[0.10589185 0.31589992 0.1496368  0.20597256 0.22259887]
13700,-973.92,0.80,0.95,0.65,31,4.80,0.00,120.20,-167.84,-125.00,-188.79,-154.46,-139.89,-197.95,-134.24,22.75,-36.49,-46.03,-39.57,-46.37,11.47,-134.24,2182,[0.10709593 0.30091984 0.1532523  0.20367937 0.23505256]
13800,-931.77,0.90,0.98,0.78,27,10.60,0.00,106.40,-168.01,-119.75,-191.30,-138.24,-108.20,-206.27,-59.95,27.74,13.42,-42.22,23.08,-47.65,-34.32,-59.95,2140,[0.10717244 0.30097731 0.1513997  0.19744906 0.24300149]
13900,-926.19,0.80,0.93,0.75,32,8.40,0.00,121.30,-159.89,-145.45,-192.22,-101.73,-101.45,-225.44,-135.27,-38.36,-35.69,21.09,-102.42,10.33,9.78,-135.27,2120,[0.10125123 0.30029635 0.15261771 0.20052684 0.24530787]
14000,-961.69,0.70,0.93,0.88,34,16.20,0.00,128.40,-188.45,-123.79,-205.45,-107.84,-120.59,-215.57,-199.73,-104.08,15.41,26.42,-58.28,-89.30,10.10,-199.73,2081,[0.11391112 0.30120892 0.14047335 0.20398434 0.24042227]
14100,-876.96,0.90,0.98,0.83,29,11.30,0.00,97.00,-130.64,-101.52,-198.21,-119.76,-98.09,-228.74,3.38,6.66,20.19,23.32,9.09,-62.39,6.51,3.38,2096,[0.10920917 0.3111948  0.13402944 0.19753509 0.2480315 ]
14200,-901.72,0.50,0.85,0.70,33,13.00,0.00,178.70,-140.45,-109.92,-174.88,-151.49,-114.33,-210.65,-706.55,-85.59,-210.86,13.24,17.06,-145.68,-294.72,-706.55,2078,[0.10176227 0.30701451 0.15169316 0.19384934 0.24568072]
14300,-853.33,0.90,0.97,0.72,32,5.20,0.00,108.70,-118.78,-85.12,-188.41,-142.80,-142.31,-175.91,-13.80,-31.54,13.81,20.82,21.25,12.19,-50.33,-13.80,2004,[0.09783535 0.33475371 0.12800409 0.2123743  0.22703255]
14400,-818.30,1.00,1.00,0.76,33,5.80,0.00,88.40,-123.88,-97.10,-195.61,-97.52,-97.20,-206.98,110.85,33.33,19.65,22.95,14.94,9.90,10.08,110.85,1975,[0.10465937 0.30585951 0.15001765 0.19608189 0.24338157]
14500,-902.34,0.90,0.98,0.75,32,5.20,0.00,97.40,-173.47,-98.43,-178.49,-122.28,-99.88,-229.78,6.44,30.17,-74.51,14.88,23.01,9.54,3.35,6.44,2075,[0.0998817  0.30505324 0.14517492 0.19841136 0.25147879]
14600,-866.80,0.50,0.85,0.68,28,28.10,0.00,205.40,-129.52,-90.20,-175.18,-141.19,-142.65,-188.07,-945.23,-131.70,-125.37,-201.26,-128.68,-139.60,-218.62,-945.23,2036,[0.10799512 0.299251   0.15711549 0.19543634 0.24020206]
14700,-785.64,0.90,0.95,0.63,30,9.40,0.00,114.30,-116.34,-103.71,-151.37,-129.90,-108.17,-176.15,-233.15,-27.25,-139.13,16.36,9.10,-99.50,7.27,-233.15,1905,[0.10506844 0.32204957 0.13355531 0.1936737  0.24565298]
14800,-954.27,0.70,0.92,0.77,30,9.60,0.00,133.80,-149.57,-130.83,-185.44,-136.03,-144.76,-207.63,-248.66,-177.64,-6.37,-37.91,10.81,14.32,-51.87,-248.66,2230,[0.09996744 0.28199284 0.16476718 0.20367958 0.24959297]
14900,-901.38,1.00,1.00,0.67,30,6.00,0.00,89.00,-145.54,-111.13,-164.21,-120.73,-145.06,-214.72,100.70,21.60,22.80,22.80,20.40,8.90,4.20,100.70,3272,[0.10120846 0.32091306 0.1352803  0.2087949  0.23380329]
15000,-843.70,0.60,0.92,0.65,31,6.20,0.00,146.90,-132.10,-85.16,-214.55,-115.44,-90.23,-206.22,-301.66,-142.08,28.96,-93.35,18.93,-55.51,-58.61,-301.66,3861,[0.09723445 0.30614761 0.14602783 0.20063414 0.24995596]
15100,-942.81,0.90,0.98,0.74,31,6.00,0.00,116.50,-153.40,-126.30,-197.82,-123.50,-134.65,-207.14,-47.48,-30.82,28.70,21.88,-9.48,-20.54,-37.22,-47.48,4003,[0.10496084 0.30879025 0.14412533 0.19860748 0.2435161 ]
15200,-834.90,0.70,0.87,0.57,28,27.00,0.00,171.60,-133.37,-82.04,-169.57,-116.24,-116.82,-216.86,-630.47,-85.18,-157.35,-40.61,-128.39,-82.91,-136.03,-630.47,2392,[0.10204772 0.31342021 0.1374175  0.21052632 0.23658826]
15300,-824.02,1.00,1.00,0.68,31,10.00,0.00,98.80,-119.92,-106.51,-178.49,-133.11,-113.30,-172.70,4.63,-45.78,10.79,14.53,20.01,-5.59,10.67,4.63,2022,[0.10557987 0.30269876 0.14533187 0.19730124 0.24908826]
15400,-843.06,0.80,0.88,0.63,27,7.00,0.00,155.20,-128.23,-88.63,-193.04,-117.09,-127.42,-188.66,-505.39,23.59,-111.23,18.15,-96.04,-131.27,-208.59,-505.39,2068,[0.09671214 0.3273872  0.13256383 0.2084645  0.23487233]
15500,-838.73,0.70,0.93,0.74,27,13.60,0.00,127.10,-150.92,-111.09,-161.41,-147.29,-107.66,-160.36,-219.80,9.78,-150.37,-40.48,-43.75,-0.61,5.63,-219.80,2088,[0.10293578 0.30366972 0.13798165 0.2        0.25541284]
15600,-821.31,1.00,1.00,0.74,31,7.30,0.00,90.50,-129.36,-103.51,-155.42,-141.14,-96.22,-195.67,96.36,24.74,26.73,13.85,14.72,9.37,6.95,96.36,2078,[0.09584087 0.30976492 0.1437613  0.20415913 0.24647378]
15700,-781.03,0.90,0.98,0.78,32,12.80,0.00,100.00,-121.45,-100.85,-196.98,-104.06,-102.22,-155.46,12.60,22.14,28.49,-2.95,17.41,10.66,-63.15,12.60,2046,[0.09406764 0.31971909 0.13731288 0.19663648 0.25226391]
15800,-884.19,0.80,0.93,0.83,29,22.60,0.00,128.30,-138.19,-103.86,-188.90,-155.87,-94.93,-202.44,-236.33,24.29,-34.72,-123.07,18.94,-78.94,-42.83,-236.33,2100,[0.09996499 0.30847339 0.15143557 0.19835434 0.24177171]
15900,-774.87,0.60,0.88,0.81,31,27.20,0.00,153.90,-149.27,-87.89,-173.31,-109.76,-100.35,-154.29,-483.51,-40.47,-79.49,11.55,20.59,-189.82,-205.87,-483.51,2059,[0.09673971 0.31337965 0.14787101 0.20167468 0.24033494]
16000,-688.67,0.60,0.85,0.83,30,25.20,0.00,166.10,-107.30,-76.87,-160.36,-93.72,-78.45,-171.97,-574.24,-23.18,18.19,-107.72,-168.73,-58.99,-233.81,-574.24,1885,[0.09779426 0.3333984  0.13117314 0.1873902  0.250244  ]
16100,-705.35,0.90,0.97,0.83,30,7.40,0.00,111.80,-102.79,-83.81,-156.13,-103.72,-103.11,-155.79,-82.07,-29.84,30.23,-30.78,15.83,-74.00,6.49,-82.07,1947,[0.09554502 0.30995261 0.14540284 0.19905213 0.25004739]
16200,-810.47,0.90,0.98,0.89,28,9.90,0.00,101.40,-145.48,-96.38,-174.81,-129.15,-106.38,-158.26,25.18,6.14,30.10,13.35,14.79,-48.71,9.51,25.18,2193,[0.10274938 0.30102221 0.15703208 0.20497004 0.2342263 ]
16300,-705.50,0.90,0.97,0.79,29,18.00,0.00,109.90,-114.46,-78.38,-155.10,-89.44,-97.81,-170.30,-83.64,10.87,-66.42,17.96,-6.03,-47.31,7.29,-83.64,2013,[0.09491833 0.32250454 0.14174229 0.20744102 0.23339383]
16400,-814.31,0.80,0.90,0.86,29,8.00,0.00,139.30,-127.66,-132.50,-172.67,-105.21,-87.57,-188.71,-283.37,30.92,-122.27,-112.37,24.07,-53.09,-50.63,-283.37,2054,[0.09874359 0.3096797  0.15377809 0.20739692 0.2304017 ]
16500,-699.62,1.00,1.00,0.83,29,8.20,0.00,98.20,-143.71,-68.41,-145.02,-85.75,-70.84,-185.91,30.27,26.31,22.86,23.60,20.01,-23.53,-38.98,30.27,1956,[0.09836066 0.31731675 0.1377426  0.19634445 0.25023554]
16600,-865.04,0.80,0.92,0.86,29,25.80,0.00,134.90,-123.39,-90.87,-178.18,-135.99,-125.01,-211.61,-298.51,-133.90,25.83,-80.92,-1.58,0.46,-108.40,-298.51,2042,[0.09734202 0.30434783 0.15032565 0.20947016 0.23851435]
16700,-683.59,0.90,0.97,0.69,29,6.40,0.00,105.10,-91.43,-98.87,-148.65,-115.63,-86.37,-142.64,-11.94,16.10,-31.48,25.38,19.58,7.72,-49.24,-11.94,1846,[0.09775325 0.32932598 0.13559322 0.19195901 0.24536855]
16800,-676.70,0.90,0.98,0.68,31,6.00,0.00,98.10,-93.89,-95.49,-138.46,-94.26,-86.92,-167.68,6.89,31.36,26.20,13.60,18.85,-86.73,3.61,6.89,1797,[0.09261144 0.33156931 0.13148789 0.19539996 0.24893141]
16900,-676.90,0.60,0.93,0.80,30,9.80,0.00,121.60,-110.15,-85.97,-143.01,-103.64,-88.80,-145.34,-167.21,28.04,-117.13,11.15,-55.18,14.59,-48.68,-167.21,1987,[0.10017238 0.32139437 0.12928558 0.20704846 0.24209921]
17000,-750.94,1.00,1.00,0.52,31,5.40,0.00,87.10,-104.05,-102.22,-155.23,-98.07,-121.40,-169.98,93.93,26.17,21.31,8.95,18.11,10.31,9.08,93.93,1980,[0.09362231 0.31053473 0.14887191 0.21318174 0.23378931]
17100,-639.47,0.90,0.98,0.83,29,6.00,0.00,101.40,-93.26,-76.86,-144.08,-91.04,-70.97,-163.25,44.25,34.93,17.77,24.11,17.42,1.03,-51.01,44.25,1876,[0.09180652 0.32931885 0.13425469 0.1970385  0.24758144]
17200,-789.91,0.80,0.95,0.66,29,30.40,0.00,121.50,-143.47,-90.78,-160.67,-124.91,-120.26,-149.82,-351.81,30.63,-210.24,0.35,-155.19,10.01,-27.37,-351.81,1962,[0.09659814 0.3072585  0.14007641 0.20356558 0.25250136]
17300,-813.96,0.60,0.90,0.86,28,9.60,0.00,142.60,-163.99,-109.65,-167.21,-112.65,-101.08,-159.37,-344.25,-44.29,-40.41,-158.43,15.86,17.67,-134.65,-344.25,1967,[0.09383903 0.31125356 0.1412037  0.20512821 0.2485755 ]
17400,-582.51,1.00,1.00,0.72,29,7.40,0.00,88.30,-98.98,-51.52,-149.22,-79.58,-71.97,-131.24,94.44,26.02,24.36,14.04,20.09,9.74,0.19,94.44,1739,[0.08872458 0.33189567 0.1371945  0.19572808 0.24645718]
17500,-684.41,0.90,0.97,0.73,30,27.40,0.00,104.90,-116.81,-102.31,-144.30,-80.43,-104.49,-136.07,-111.44,-84.72,26.68,19.37,18.03,-97.65,6.85,-111.44,1899,[0.09279881 0.31718634 0.14420935 0.20749814 0.23830735]
17600,-720.15,0.80,0.95,0.85,26,34.60,0.00,131.10,-137.10,-78.93,-152.78,-116.69,-73.67,-160.99,-376.38,-97.96,-59.99,-21.43,-112.93,-67.12,-16.95,-376.38,1911,[0.09967967 0.31091012 0.13962691 0.20463539 0.24514792]
17700,-673.49,1.00,1.00,0.77,30,6.20,0.00,89.60,-115.94,-107.86,-124.66,-84.54,-85.41,-155.08,107.40,27.60,31.80,16.30,18.60,8.90,4.20,107.40,1941,[0.09063444 0.3272281  0.13708459 0.20373867 0.2413142 ]
17800,-785.92,1.00,1.00,0.59,29,8.00,0.00,95.60,-112.34,-105.59,-222.51,-82.06,-122.41,-141.02,58.49,23.36,18.57,6.79,3.41,4.14,2.22,58.49,2003,[0.09562339 0.32916513 0.14141228 0.20687753 0.22692166]
17900,-690.77,0.80,0.93,0.83,30,6.20,0.00,121.10,-127.90,-95.05,-143.12,-92.94,-74.72,-157.02,-119.77,-27.33,-32.80,-42.03,-34.35,7.38,9.36,-119.77,1808,[0.09315923 0.31611772 0.1377899  0.19879166 0.25414149]
18000,-747.10,0.90,0.98,0.53,32,6.20,0.00,98.80,-124.33,-92.04,-151.23,-112.56,-118.99,-147.95,28.14,26.02,11.87,10.55,18.66,-45.51,6.55,28.14,1874,[0.08868968 0.31623117 0.14876979 0.20274652 0.24356285]
18100,-683.49,0.80,0.95,0.72,32,11.70,0.00,122.20,-109.41,-65.98,-153.83,-119.98,-68.86,-165.42,-213.65,-43.29,-13.74,-7.00,-86.68,-69.43,6.49,-213.65,1824,[0.09621864 0.33770124 0.12354923 0.21452639 0.22800449]
18200,-667.32,0.70,0.88,0.62,34,21.80,0.00,148.10,-88.82,-111.13,-152.90,-86.73,-96.15,-131.58,-500.46,-104.58,-115.53,-122.08,-35.25,-47.83,-75.19,-500.46,1853,[0.08965918 0.32184353 0.14155693 0.20081332 0.24612703]
18300,-835.35,0.90,0.98,0.74,31,5.60,0.00,101.10,-127.04,-108.15,-159.38,-136.70,-142.10,-161.98,26.18,33.86,25.90,17.02,-12.78,-46.38,8.56,26.18,2001,[0.08874079 0.31006664 0.14714135 0.21518765 0.23886356]
18400,-579.35,0.80,0.93,0.75,32,9.20,0.00,122.80,-98.32,-63.38,-125.99,-84.66,-69.85,-137.16,-160.58,-115.59,27.14,-44.81,11.01,10.12,-48.45,-160.58,1784,[0.08556473 0.32574995 0.12864908 0.2029394  0.25709684]
18500,-705.76,0.80,0.93,0.68,34,9.60,0.00,126.30,-110.50,-115.92,-115.13,-124.99,-108.38,-130.85,-292.27,-104.99,-68.77,-87.61,10.19,3.18,-44.27,-292.27,1888,[0.09567156 0.32491176 0.12873862 0.20564741 0.24503065]
18600,-746.25,1.00,1.00,0.80,30,6.00,0.00,89.00,-119.90,-89.06,-154.95,-116.99,-114.49,-150.86,113.20,36.60,22.80,20.30,19.90,8.90,4.70,113.20,1870,[0.09253848 0.33508669 0.12370933 0.20592246 0.24274304]
18700,-761.02,0.90,0.98,0.74,31,19.10,0.00,118.70,-142.13,-111.67,-136.62,-108.58,-120.91,-141.10,-203.72,-58.51,-61.14,23.14,-68.50,8.78,-47.49,-203.72,1956,[0.09193489 0.31890492 0.12967074 0.21217166 0.2473178 ]
18800,-657.57,0.70,0.92,0.52,31,11.10,0.00,149.80,-88.58,-102.08,-119.58,-98.44,-95.26,-153.62,-406.01,-182.05,-29.11,-73.12,-58.75,-62.76,-0.22,-406.01,1887,[0.09287507 0.31164317 0.14693956 0.20100405 0.24753813]
18900,-622.95,0.90,0.95,0.73,30,19.00,0.00,112.90,-106.75,-58.08,-127.18,-106.57,-82.97,-141.41,-129.95,27.67,26.31,-42.28,17.01,-76.47,-82.19,-129.95,1834,[0.09291611 0.32117489 0.12919946 0.20099827 0.25571127]
19000,-785.85,0.80,0.97,0.67,27,9.50,0.00,114.00,-136.84,-103.45,-178.22,-104.49,-102.94,-159.92,-96.51,-43.88,-21.18,17.79,-49.03,6.71,-6.92,-96.51,1966,[0.09749104 0.31003584 0.15430108 0.20268817 0.23548387]
19100,-651.22,0.90,0.98,0.66,32,8.20,0.00,97.10,-109.54,-105.64,-150.68,-90.06,-61.63,-133.67,35.16,-31.49,23.98,17.12,15.39,11.35,-1.19,35.16,1854,[0.09024631 0.32197044 0.13950739 0.20433498 0.24394089]
19200,-578.70,0.70,0.88,0.86,28,11.00,0.00,148.20,-85.47,-74.53,-120.40,-81.79,-95.75,-120.76,-331.98,-25.61,26.72,-116.67,-105.71,7.70,-118.41,-331.98,1769,[0.09445762 0.33340522 0.12508087 0.19624757 0.25080871]
19300,-591.05,0.90,0.93,0.64,28,7.80,0.00,122.70,-97.13,-70.03,-127.65,-82.56,-82.86,-130.81,-205.64,-52.11,-37.73,-84.22,20.16,-54.44,2.70,-205.64,1815,[0.08941909 0.31390041 0.14253112 0.19543568 0.25871369]
19400,-699.82,0.90,0.98,0.74,31,6.80,0.00,102.30,-92.56,-71.41,-151.72,-99.16,-128.70,-156.28,28.60,7.77,24.01,13.87,20.67,-43.99,6.27,28.60,1868,[0.08742633 0.30962672 0.15009823 0.20255403 0.2502947 ]
19500,-655.87,1.00,1.00,0.77,30,6.00,0.00,89.00,-103.41,-74.58,-138.37,-85.60,-96.83,-157.08,113.19,30.60,25.80,23.29,16.40,8.90,8.20,113.19,1843,[0.08553265 0.32787517 0.13446349 0.21113466 0.24099403]
19600,-603.99,0.70,0.88,0.83,29,8.00,0.00,150.70,-128.39,-79.29,-116.92,-74.16,-94.35,-110.87,-440.94,19.47,-134.58,-51.35,-124.24,13.20,-163.44,-440.94,1789,[0.09319497 0.32887647 0.13390541 0.20415087 0.23987228]
19700,-662.55,0.80,0.95,0.81,31,18.00,0.00,115.80,-119.36,-70.68,-132.48,-98.78,-108.20,-133.04,-137.42,22.97,9.89,-56.78,17.36,-65.67,-65.19,-137.42,1908,[0.09143932 0.30065851 0.1476952  0.20545626 0.25475071]
19800,-584.85,0.70,0.92,0.70,27,8.90,0.00,135.10,-90.82,-63.82,-111.42,-100.65,-53.38,-164.77,-261.73,-115.52,22.64,-45.13,19.05,-73.62,-69.15,-261.73,1788,[0.08787879 0.3159596  0.1430303  0.19454545 0.25858586]
19900,-573.14,0.80,0.95,0.77,30,7.80,0.00,118.00,-76.92,-60.48,-105.40,-88.39,-112.55,-129.41,-107.41,-11.02,24.27,18.28,21.76,-111.17,-49.53,-107.41,1780,[0.09156422 0.32026282 0.12992794 0.19732938 0.26091564]
20000,-673.42,0.90,0.97,0.83,30,6.80,0.00,106.30,-91.92,-86.17,-156.52,-93.39,-91.62,-153.80,-3.33,29.07,-28.85,-41.45,18.85,9.89,9.16,-3.33,1905,[0.0879858  0.33793648 0.13691063 0.2014204  0.2357467 ]
20100,-565.17,1.00,1.00,0.80,30,6.00,0.00,89.00,-82.67,-78.69,-146.76,-78.83,-56.38,-121.84,112.70,27.60,28.80,22.80,20.40,8.90,4.20,112.70,1797,[0.09315013 0.33420893 0.12406547 0.21095171 0.23762376]
20200,-666.53,0.80,0.97,0.81,32,8.20,0.00,106.00,-122.90,-55.90,-138.73,-111.09,-113.79,-124.12,-40.16,28.88,-58.17,22.10,-46.39,10.06,3.36,-40.16,1876,[0.08684572 0.30935111 0.14722603 0.19427563 0.26230151]
20300,-617.64,1.00,1.00,0.77,30,5.80,0.00,89.00,-111.33,-87.03,-134.19,-87.46,-79.66,-117.98,110.70,33.60,20.30,23.30,20.40,8.90,4.20,110.70,1943,[0.08412299 0.32237478 0.13324309 0.20208857 0.25817057]
20400,-616.58,0.90,0.95,0.72,29,5.80,0.00,115.40,-76.76,-73.97,-150.51,-81.92,-86.38,-147.05,-102.65,27.68,-49.76,16.30,20.94,-47.62,-70.19,-102.65,1868,[0.08122709 0.32510129 0.13968744 0.20625121 0.24773297]
20500,-732.91,0.80,0.93,0.79,28,27.20,0.00,131.50,-126.59,-106.72,-143.15,-101.52,-92.54,-162.39,-274.76,-63.95,13.38,-60.39,-95.31,-60.33,-8.16,-274.76,2017,[0.08386412 0.30626327 0.15534324 0.20895258 0.24557679]
20600,-595.74,0.80,0.90,0.75,28,13.00,0.00,141.80,-78.06,-61.25,-124.27,-88.59,-91.04,-152.53,-340.65,-28.20,6.15,-133.00,-145.12,13.08,-53.56,-340.65,1809,[0.08027523 0.3204754  0.13761468 0.19808173 0.26355296]
20700,-562.63,0.80,0.97,0.75,32,7.80,0.00,105.00,-91.05,-73.02,-109.32,-94.08,-63.13,-132.03,-15.64,32.04,25.83,6.26,21.60,10.17,-111.54,-15.64,1715,[0.08988525 0.32447939 0.13068423 0.19400765 0.26094348]
20800,-593.78,0.90,0.98,0.80,30,6.40,0.00,96.10,-91.92,-70.17,-139.44,-77.35,-85.82,-129.08,57.67,26.10,33.42,19.35,22.52,10.05,-53.77,57.67,1812,[0.09009189 0.31542149 0.14642429 0.19576508 0.25229724]
20900,-563.23,0.50,0.83,0.70,30,37.80,0.00,188.60,-78.36,-73.66,-141.52,-77.79,-70.97,-120.94,-767.85,-220.98,-56.49,-39.56,-132.26,-254.10,-64.46,-767.85,1822,[0.09227291 0.31422113 0.14940403 0.19297164 0.25113029]
21000,-603.45,0.90,0.95,0.69,29,13.80,0.00,114.80,-77.75,-75.74,-104.91,-108.81,-84.85,-151.38,-134.94,-57.01,-61.63,-51.22,21.74,4.74,8.44,-134.94,1911,[0.09127382 0.32597793 0.14102307 0.19779338 0.2439318 ]
21100,-447.13,0.80,0.95,0.73,30,7.20,0.00,115.80,-78.11,-32.69,-113.98,-62.54,-49.56,-110.24,-106.00,23.97,-63.01,7.65,25.64,8.51,-108.76,-106.00,1594,[0.08118989 0.34980989 0.11362111 0.20487587 0.25050324]
21200,-580.77,0.90,0.97,0.73,30,18.60,0.00,105.90,-80.34,-70.65,-122.69,-79.69,-102.69,-124.72,-68.94,26.07,-61.74,20.44,16.09,10.74,-80.54,-68.94,1818,[0.0879545  0.31119236 0.1549868  0.20150315 0.24436319]
21300,-613.10,0.90,0.95,0.83,29,6.20,0.00,114.40,-82.46,-57.14,-157.09,-85.62,-93.90,-136.89,-111.98,-45.16,32.36,21.12,-59.50,12.14,-72.94,-111.98,1892,[0.08422939 0.31600956 0.14894464 0.20151334 0.24930307]
21400,-572.81,1.00,1.00,0.68,31,6.60,0.00,99.20,-101.79,-78.10,-144.20,-82.41,-72.86,-93.46,1.35,30.18,-78.14,20.64,17.44,8.17,3.06,1.35,1787,[0.0773656  0.32334854 0.14382067 0.21483833 0.24062686]
21500,-477.56,0.60,0.90,0.86,28,12.40,0.00,141.10,-79.97,-55.68,-119.06,-47.45,-57.78,-117.61,-463.60,-59.21,-49.90,-41.56,-138.82,-84.67,-89.44,-463.60,1696,[0.07526882 0.3316129  0.13483871 0.19913978 0.25913978]
21600,-514.23,0.90,0.97,0.82,28,10.00,0.00,107.60,-66.86,-45.51,-109.50,-84.46,-59.48,-148.42,-85.93,24.83,-75.80,15.11,-59.65,12.73,-3.15,-85.93,1715,[0.08554636 0.33413148 0.12821071 0.20679147 0.24531998]
21700,-507.76,0.60,0.90,0.67,27,22.60,0.00,148.70,-79.32,-49.84,-106.79,-72.90,-79.26,-119.64,-423.17,-128.85,-86.16,-47.61,9.53,-63.76,-106.32,-423.17,1693,[0.08531995 0.3281054  0.13739021 0.20012547 0.24905897]
21800,-532.53,0.60,0.90,0.82,33,10.80,0.00,148.20,-105.25,-68.52,-108.22,-85.18,-53.38,-111.98,-407.39,-31.06,-33.67,-98.31,0.96,-149.48,-95.83,-407.39,1744,[0.08019946 0.32453771 0.14107625 0.19613547 0.25805111]
21900,-542.66,0.70,0.88,0.81,32,8.80,0.00,150.80,-104.75,-78.28,-123.76,-67.14,-59.11,-109.62,-456.16,23.20,-43.07,-64.71,-138.34,-168.22,-65.02,-456.16,1709,[0.08553927 0.31743601 0.14045067 0.19295559 0.26361846]
22000,-591.03,0.90,0.97,0.80,30,6.60,0.00,108.50,-128.71,-46.85,-131.27,-75.21,-81.27,-127.71,-47.16,-22.37,-45.41,-16.97,19.59,10.81,7.19,-47.16,1758,[0.08256125 0.31397982 0.13629813 0.20197653 0.26518427]
22100,-515.69,0.80,0.97,0.83,30,13.60,0.00,115.60,-91.10,-59.74,-117.61,-79.94,-49.99,-117.31,-109.15,11.36,-88.14,23.59,-58.21,2.74,-0.49,-109.15,1673,[0.07999133 0.32972036 0.13808801 0.1951008  0.2570995 ]
22200,-481.18,1.00,1.00,0.80,30,6.00,0.00,89.00,-74.86,-74.83,-102.69,-59.50,-57.36,-111.93,113.20,24.60,34.80,20.30,19.90,8.90,4.70,113.20,1679,[0.08206024 0.32234832 0.13443911 0.20515059 0.25600175]
22300,-652.66,0.80,0.93,0.71,28,27.20,0.00,123.30,-130.54,-105.54,-117.08,-78.91,-87.85,-132.75,-351.82,-91.53,-160.69,9.85,12.73,-125.27,3.09,-351.82,1832,[0.08924833 0.28449096 0.16060894 0.19352997 0.27212179]
22400,-614.85,0.90,0.93,0.77,30,5.80,0.00,123.00,-81.42,-82.11,-123.17,-114.63,-90.91,-122.61,-177.60,33.89,25.90,-55.43,-87.09,-46.77,-48.10,-177.60,1842,[0.08351346 0.30791904 0.15543329 0.20436235 0.24877186]
22500,-614.70,0.50,0.85,0.66,29,33.90,0.00,166.20,-92.97,-81.90,-109.33,-109.76,-78.57,-142.17,-661.58,-301.79,-216.15,12.75,-11.72,-1.92,-142.75,-661.58,1830,[0.08079208 0.2990099  0.16158416 0.19069307 0.26792079]
22600,-496.35,0.70,0.93,0.67,33,5.20,0.00,122.20,-90.71,-59.77,-112.29,-69.64,-65.90,-98.03,-262.21,8.55,-29.60,-82.42,24.72,-84.07,-99.39,-262.21,1684,[0.08344114 0.33807676 0.12376024 0.19965502 0.25506684]
22700,-534.08,0.80,0.92,0.83,30,19.00,0.00,131.30,-81.39,-45.95,-113.02,-81.47,-93.90,-118.35,-395.90,-78.26,35.86,-103.39,-38.89,-89.38,-121.84,-395.90,1768,[0.08027327 0.34436379 0.11421862 0.21818958 0.24295474]
22800,-605.87,0.70,0.90,0.68,31,8.60,0.00,143.00,-87.33,-76.30,-152.71,-92.64,-71.10,-125.78,-497.55,-50.10,-128.48,16.89,-78.72,-56.54,-200.60,-497.55,1839,[0.0862423  0.31663244 0.1338809  0.19589322 0.26735113]
22900,-580.46,0.90,0.98,0.76,29,7.40,0.00,98.20,-69.67,-86.80,-127.87,-75.39,-95.90,-124.81,44.16,25.43,32.79,-42.51,8.74,7.90,11.81,44.16,1780,[0.07907072 0.32300795 0.14020787 0.21214591 0.24556756]
23000,-543.49,0.90,0.98,0.73,30,6.30,0.00,95.90,-85.96,-67.87,-107.76,-67.97,-76.42,-137.50,27.72,-54.82,34.61,16.11,17.66,8.59,5.57,27.72,1597,[0.07435273 0.33834919 0.1170613  0.1956185  0.27461828]
23100,-515.44,1.00,1.00,0.83,30,6.00,0.00,89.00,-80.73,-63.23,-98.50,-78.23,-67.93,-126.81,119.20,33.60,31.80,20.30,16.90,8.90,7.70,119.20,1700,[0.07670578 0.33137766 0.12668405 0.20208605 0.26314646]
23200,-509.20,0.80,0.95,0.85,27,9.00,0.00,118.70,-84.75,-76.58,-90.27,-77.01,-70.15,-110.43,-187.36,-116.00,16.00,21.60,20.35,-30.78,-98.53,-187.36,1616,[0.08138509 0.33436259 0.12836348 0.20048522 0.25540362]
23300,-483.92,0.70,0.88,0.74,31,18.40,0.00,150.70,-93.12,-65.63,-86.72,-71.54,-76.84,-90.07,-521.22,-130.31,-209.41,-61.92,1.39,-43.89,-77.08,-521.22,1713,[0.08275085 0.31093574 0.13709132 0.18895152 0.28027057]
23400,-521.05,0.80,0.93,0.77,30,24.60,0.00,130.10,-53.51,-93.71,-103.49,-78.74,-70.96,-120.65,-324.38,-159.44,26.28,-119.72,-43.18,-11.37,-16.95,-324.38,1727,[0.07469149 0.32972505 0.13617666 0.20415674 0.25525005]
23500,-572.80,0.90,0.95,0.67,30,6.00,0.00,115.10,-111.49,-73.94,-102.65,-72.66,-95.65,-116.41,-149.21,-74.59,25.55,-76.09,15.82,-48.26,8.36,-149.21,1848,[0.08121725 0.32325675 0.13925836 0.1981056  0.25816203]
23600,-574.52,0.80,0.97,0.83,30,6.80,0.00,110.80,-69.13,-115.36,-102.41,-103.70,-88.47,-95.45,-182.73,29.26,-70.47,-130.01,-26.18,7.01,7.66,-182.73,1838,[0.08091665 0.32691138 0.12614074 0.2062462  0.25978503]
23700,-498.04,0.90,0.97,0.70,27,9.80,0.00,110.90,-72.75,-64.45,-119.68,-68.29,-62.72,-110.15,-101.29,23.55,15.35,-0.87,-95.15,-44.59,0.42,-101.29,1625,[0.07413249 0.34925642 0.11694457 0.20414601 0.2555205 ]
23800,-529.77,1.00,1.00,0.70,30,5.80,0.00,89.00,-94.21,-97.59,-99.23,-64.01,-88.18,-86.55,108.70,27.60,26.30,21.30,16.40,8.90,8.20,108.70,1664,[0.07430541 0.33189748 0.12750377 0.20611673 0.26017661]
23900,-472.17,0.80,0.92,0.82,28,7.20,0.00,134.30,-81.03,-51.29,-99.86,-64.83,-61.88,-113.29,-266.00,18.65,-116.74,28.70,-153.28,1.56,-44.89,-266.00,1653,[0.0808807  0.33812626 0.1231184  0.19680971 0.26106493]
24000,-647.85,1.00,1.00,0.73,30,6.00,0.00,89.00,-70.20,-99.78,-159.62,-106.37,-103.62,-108.26,111.70,24.60,28.80,24.80,15.40,8.90,9.20,111.70,1799,[0.07520126 0.33320243 0.13548007 0.21421559 0.24190065]
24100,-444.83,0.60,0.88,0.63,35,8.40,0.00,155.60,-79.06,-49.55,-113.56,-82.74,-33.92,-86.00,-487.97,-138.61,-155.57,-40.17,-22.79,-80.31,-50.52,-487.97,1557,[0.07722911 0.34168032 0.11350339 0.1881582  0.27942897]
24200,-475.32,0.80,0.95,0.74,31,6.00,0.00,115.00,-75.21,-63.80,-103.96,-70.34,-85.63,-76.39,-143.83,-70.62,24.23,19.92,-140.42,10.96,12.10,-143.83,1777,[0.07087657 0.33539413 0.12188121 0.20357695 0.26827114]
24300,-629.98,0.90,0.92,0.76,29,13.40,0.00,132.00,-99.48,-96.10,-125.65,-112.60,-58.65,-137.51,-303.16,-27.40,-66.11,-65.94,-66.34,11.93,-89.30,-303.16,2091,[0.0816941  0.33801686 0.11581694 0.22420715 0.24026495]
24400,-435.79,0.80,0.92,0.66,29,8.20,0.00,129.40,-74.98,-55.31,-95.15,-62.30,-45.09,-102.96,-256.01,-34.10,-83.91,27.93,-41.58,-130.85,6.50,-256.01,1846,[0.08050171 0.33021665 0.12748005 0.18928164 0.27251995]
24500,-563.31,0.90,0.90,0.69,29,48.60,0.00,141.10,-92.05,-65.77,-116.76,-66.11,-77.00,-145.62,-639.19,-175.01,-44.04,-50.81,-186.20,-91.65,-91.48,-639.19,1864,[0.078617   0.31961309 0.13438979 0.21094875 0.25643136]
24600,-515.29,0.90,0.92,0.61,33,54.20,0.00,133.70,-80.79,-76.71,-100.61,-46.67,-93.48,-117.04,-571.18,-177.50,-157.69,-40.29,-162.42,12.69,-45.97,-571.18,1682,[0.0794899  0.32816153 0.13645058 0.1989373  0.25696068]
24700,-476.81,0.60,0.82,0.79,28,43.00,0.00,181.40,-52.12,-50.30,-108.85,-87.31,-57.36,-120.86,-862.17,-146.35,-68.74,-82.59,-144.75,-99.82,-319.92,-862.17,1782,[0.06801063 0.35821887 0.11120957 0.21134249 0.25121843]
24800,-470.61,0.90,0.95,0.87,31,23.20,0.00,125.60,-90.69,-78.81,-101.21,-41.35,-55.41,-103.14,-361.68,-75.10,-112.81,22.51,-21.58,10.47,-185.17,-361.68,1554,[0.07562837 0.32315978 0.13868941 0.19120287 0.27131957]
24900,-445.67,0.90,0.97,0.77,31,6.00,0.00,106.00,-67.34,-65.18,-81.29,-53.96,-55.00,-122.90,-42.08,34.00,27.85,-34.90,16.12,-90.56,5.41,-42.08,1626,[0.07389163 0.3531124  0.10635916 0.21003135 0.25660546]
25000,-423.79,0.80,0.92,0.50,30,22.60,0.00,136.90,-86.21,-35.27,-86.43,-59.53,-69.42,-86.92,-451.31,-32.34,0.78,-127.14,-140.56,-93.74,-58.31,-451.31,1600,[0.07273559 0.31976212 0.14684355 0.1884721  0.27218664]
25100,-470.28,1.00,1.00,0.70,33,9.20,0.00,91.30,-87.69,-45.29,-100.09,-58.60,-59.92,-118.70,85.90,14.01,30.49,18.11,12.71,1.57,9.01,85.90,1628,[0.07768924 0.33997344 0.11620186 0.20562196 0.2605135 ]
25200,-427.13,0.80,0.97,0.70,30,8.00,0.00,109.70,-100.37,-39.64,-98.82,-62.01,-33.13,-93.15,-100.10,-32.76,15.35,19.69,17.94,-33.63,-86.69,-100.10,1638,[0.07692308 0.33576809 0.12942251 0.1864871  0.27139922]
25300,-487.54,0.90,0.98,0.81,32,9.00,0.00,102.20,-82.89,-63.55,-109.39,-80.20,-61.70,-89.80,11.28,-5.26,-40.86,32.19,14.18,-2.25,13.28,11.28,1733,[0.0733379  0.31596984 0.13570939 0.18871373 0.28626913]
25400,-448.84,1.00,1.00,0.63,30,6.00,0.00,89.00,-68.15,-51.36,-92.50,-61.88,-65.06,-109.89,102.70,21.60,25.80,21.80,15.40,8.90,9.20,102.70,1770,[0.07321469 0.32327101 0.12660509 0.19756702 0.27934219]
25500,-488.04,0.80,0.92,0.89,28,25.60,0.00,131.50,-75.47,-47.02,-99.20,-96.46,-55.72,-114.16,-345.05,22.65,-68.64,-79.52,-42.66,-85.16,-91.72,-345.05,2032,[0.07928389 0.31265985 0.14599318 0.20268542 0.25937766]
25600,-352.77,0.60,0.88,0.93,27,7.00,0.00,151.60,-84.59,-36.05,-79.71,-41.76,-42.51,-68.14,-419.74,-53.52,-38.29,-38.54,11.15,-145.87,-154.67,-419.74,1841,[0.06901615 0.35658346 0.10866373 0.20460108 0.26113558]
25700,-441.02,0.80,0.92,0.61,31,8.00,0.00,136.00,-72.58,-50.31,-85.96,-67.72,-92.26,-72.18,-284.07,-86.86,-45.64,-116.14,11.40,-59.07,12.24,-284.07,2200,[0.07099115 0.3247902  0.14651848 0.19414833 0.26355183]
25800,-511.36,0.90,0.98,0.72,29,6.40,0.00,97.40,-64.02,-69.23,-101.27,-87.36,-93.10,-96.38,47.13,27.86,18.48,-30.65,12.99,6.03,12.42,47.13,2608,[0.06813373 0.32776132 0.13732543 0.21159543 0.25518409]
25900,-414.44,0.80,0.90,0.71,28,20.80,0.00,145.40,-83.70,-38.63,-82.36,-58.28,-60.29,-91.19,-453.33,-80.00,-94.82,-46.45,-39.17,-114.88,-78.01,-453.33,2973,[0.08066792 0.3508937  0.10583255 0.19402634 0.26857949]
26000,-520.43,0.70,0.88,0.61,33,58.20,0.00,155.20,-83.90,-58.79,-113.19,-85.47,-65.77,-113.31,-833.31,-249.05,20.72,-320.11,-50.51,-56.62,-177.74,-833.31,1739,[0.06970569 0.31644169 0.13498562 0.20778933 0.27107767]
26100,-417.29,1.00,1.00,0.73,30,6.00,0.00,89.00,-62.71,-58.95,-86.19,-54.03,-57.36,-98.06,111.70,30.60,25.80,21.80,15.40,8.90,9.20,111.70,1505,[0.07817038 0.33325266 0.11858664 0.18683446 0.28315586]
26200,-355.83,0.80,0.90,0.67,33,50.80,0.00,139.30,-56.49,-29.18,-95.44,-41.52,-52.90,-80.30,-774.03,-257.60,-181.15,25.80,-144.10,-149.73,-67.25,-774.03,1517,[0.07370518 0.35209163 0.11454183 0.1939741  0.26568725]
26300,-399.05,0.90,0.95,0.78,32,6.00,0.00,123.00,-63.23,-52.46,-112.80,-43.62,-40.06,-86.88,-182.62,-58.55,30.53,-130.79,-38.96,5.18,9.97,-182.62,1418,[0.07310903 0.33518846 0.1201619  0.19074121 0.28079939]
26400,-424.09,0.90,0.97,0.67,27,10.20,0.00,109.40,-59.88,-75.82,-80.40,-85.11,-39.58,-83.30,-57.94,23.52,11.15,-41.97,8.35,-3.67,-55.32,-57.94,1573,[0.07233356 0.34784612 0.1243953  0.20087537 0.25454964]
26500,-515.95,0.80,0.95,0.58,36,7.20,0.00,118.40,-79.16,-47.65,-121.25,-55.90,-120.47,-91.52,-196.50,-91.90,-24.03,-124.36,20.92,9.12,13.75,-196.50,1680,[0.07857594 0.30903729 0.13734991 0.18706552 0.28797135]
26600,-412.17,0.90,0.98,0.65,31,6.20,0.00,110.00,-63.31,-47.55,-96.49,-62.14,-58.07,-84.60,-131.29,30.74,-41.24,-52.41,16.36,10.58,-95.32,-131.29,1614,[0.07282124 0.31454076 0.14752173 0.18416725 0.28094903]
26700,-359.16,0.70,0.88,0.57,35,19.40,0.00,158.50,-63.15,-49.42,-63.62,-43.82,-63.16,-75.98,-501.64,-134.14,-152.16,25.71,-44.51,-51.87,-144.67,-501.64,1453,[0.06735244 0.30786187 0.15233897 0.18564781 0.28679892]
26800,-468.28,0.90,0.98,0.67,33,7.60,0.00,104.70,-61.33,-41.55,-103.14,-81.30,-80.31,-100.66,-4.30,-25.92,-42.43,17.70,19.88,12.57,13.90,-4.30,1602,[0.07144472 0.33212752 0.13565453 0.20461225 0.25616098]
26900,-454.15,0.80,0.92,0.72,29,6.60,0.00,133.50,-89.23,-67.00,-73.66,-60.44,-53.39,-110.43,-239.31,17.87,-91.07,-144.07,-44.93,10.80,12.09,-239.31,1564,[0.07382092 0.2987013  0.16176806 0.18272955 0.28298018]
27000,-428.77,1.00,1.00,0.67,30,6.00,0.00,93.00,-83.75,-62.80,-89.82,-70.87,-50.61,-70.91,99.67,29.10,14.17,23.80,15.40,8.50,8.70,99.67,1506,[0.07337221 0.32774538 0.12973761 0.1909621  0.2781827 ]
27100,-437.84,0.80,0.95,0.72,29,12.40,0.00,116.80,-63.02,-40.80,-113.56,-62.17,-62.08,-96.22,-144.08,15.93,23.57,-142.87,-42.84,3.17,-1.04,-144.08,1559,[0.07026292 0.36242067 0.11174071 0.22416138 0.23141432]
27200,-624.77,0.80,0.88,0.83,29,22.60,0.00,151.70,-96.77,-113.87,-133.69,-51.45,-94.53,-134.47,-550.13,31.25,-203.96,-171.32,21.04,-101.13,-126.01,-550.13,1755,[0.07121058 0.31597152 0.14933876 0.20793489 0.25554425]
27300,-336.01,0.90,0.97,0.53,30,17.60,0.00,108.90,-68.49,-33.84,-78.46,-29.01,-44.47,-81.74,-127.55,27.80,-13.38,-62.02,-95.68,8.90,6.83,-127.55,1373,[0.06943396 0.35949686 0.10918239 0.19798742 0.26389937]
27400,-429.57,0.80,0.88,0.57,28,19.90,0.00,155.70,-66.75,-47.00,-83.71,-69.98,-60.49,-101.64,-683.21,-300.44,-37.38,11.97,-71.63,-164.94,-120.79,-683.21,1605,[0.06717276 0.35679779 0.12307338 0.20588912 0.24706694]
27500,-448.63,0.90,0.97,0.72,32,13.00,0.00,105.20,-69.47,-85.31,-76.48,-59.11,-74.62,-83.64,-123.16,22.35,-86.10,-81.74,5.18,13.43,3.72,-123.16,1620,[0.06844548 0.33758701 0.12830626 0.20904872 0.25661253]
27600,-388.27,1.00,1.00,0.83,30,6.00,0.00,89.00,-77.60,-38.93,-88.36,-59.36,-43.62,-80.40,120.20,30.60,31.80,24.30,15.90,8.90,8.70,120.20,1519,[0.06290361 0.35039464 0.11719684 0.19875628 0.27074862]
27700,-381.75,1.00,1.00,0.77,31,8.00,0.00,89.60,-50.12,-39.04,-100.23,-86.33,-39.98,-66.04,106.67,28.33,26.46,19.38,14.94,11.14,6.42,106.67,1461,[0.0682421  0.35760791 0.11140584 0.1977333  0.26501085]
27800,-381.64,0.80,0.93,0.71,28,11.40,0.00,122.70,-54.88,-45.99,-85.22,-55.97,-60.63,-78.94,-321.63,-165.37,13.30,0.99,14.58,-85.59,-99.54,-321.63,1409,[0.0737203  0.34484448 0.12098947 0.19666912 0.26377663]
27900,-342.80,1.00,1.00,0.70,30,6.00,0.00,89.00,-60.72,-44.24,-77.40,-28.79,-59.97,-71.68,107.68,30.60,28.80,14.78,15.40,8.90,9.20,107.68,1418,[0.06084322 0.33754102 0.12648321 0.18858874 0.2865438 ]
28000,-495.58,0.80,0.95,0.67,30,5.20,0.00,126.30,-96.80,-52.40,-128.96,-74.79,-62.35,-80.26,-284.95,-10.76,-23.27,21.68,-56.00,-223.87,7.27,-284.95,1561,[0.07126748 0.33603969 0.13193505 0.2142535  0.24650429]
28100,-337.74,0.90,0.95,0.76,33,13.40,0.00,117.00,-62.64,-28.71,-82.51,-53.96,-39.49,-70.43,-180.30,-79.81,-98.25,32.36,6.44,5.22,-46.26,-180.30,2465,[0.06845466 0.34303959 0.1256705  0.1954023  0.26743295]
28200,-405.22,1.00,1.00,0.73,30,5.80,0.00,91.60,-52.60,-76.09,-83.74,-56.28,-50.36,-86.14,96.40,28.43,21.62,23.97,19.02,9.76,-6.40,96.40,2529,[0.06344266 0.35719416 0.11563323 0.20732583 0.25640412]
28300,-349.65,0.80,0.92,0.75,28,14.20,0.00,130.30,-52.40,-34.78,-70.02,-53.51,-55.07,-83.87,-303.20,23.70,-166.48,-47.55,-74.94,13.09,-51.02,-303.20,2900,[0.06802891 0.37004735 0.10441067 0.20109644 0.25641665]
28400,-361.93,0.80,0.95,0.68,28,9.00,0.00,117.90,-65.37,-22.09,-94.14,-61.03,-38.87,-80.43,-130.84,-33.55,24.82,-61.64,-4.72,12.56,-68.31,-130.84,1728,[0.07815534 0.34101942 0.12305825 0.19635922 0.26140777]
28500,-357.11,0.90,0.95,0.68,31,6.20,0.00,123.50,-72.63,-36.67,-87.29,-51.68,-40.41,-68.43,-217.94,22.84,-41.23,-35.36,-86.92,-85.97,8.70,-217.94,1478,[0.06624234 0.32508251 0.14380009 0.19684111 0.26803395]
28600,-612.11,0.60,0.92,0.70,33,6.20,0.00,135.40,-140.44,-70.40,-114.75,-85.81,-83.41,-117.31,-425.14,21.98,-63.25,-40.03,-51.00,-149.92,-142.92,-425.14,1786,[0.06637984 0.31591887 0.15017414 0.21614423 0.25138291]
28700,-404.38,0.70,0.90,0.61,28,17.10,0.00,141.40,-58.26,-47.19,-96.19,-72.29,-47.24,-83.21,-404.00,16.28,-186.63,-50.33,-47.73,-70.15,-65.44,-404.00,2133,[0.06805655 0.35178529 0.11790079 0.21639109 0.24586628]
28800,-365.94,0.90,0.98,0.81,31,5.80,0.00,98.70,-55.68,-46.97,-84.22,-41.54,-44.33,-93.19,-59.40,-130.94,-0.32,30.35,17.78,12.68,11.05,-59.40,1522,[0.06180176 0.36391728 0.10648918 0.21963394 0.24815783]
28900,-470.02,0.90,0.98,0.75,32,7.20,0.00,97.70,-77.13,-64.53,-70.62,-82.61,-66.11,-109.03,44.20,35.17,26.85,-40.98,13.76,3.74,5.66,44.20,1619,[0.0624715  0.33629731 0.12699498 0.20839033 0.26584587]
29000,-328.71,0.60,0.83,0.62,32,8.40,0.00,192.90,-33.97,-43.05,-74.49,-65.05,-48.64,-63.51,-862.53,-249.94,-139.80,-69.89,13.57,-264.20,-152.27,-862.53,2864,[0.07315843 0.36528759 0.11377397 0.20005045 0.24772957]
29100,-339.95,0.80,0.95,0.73,33,10.40,0.00,123.70,-55.39,-34.01,-92.79,-35.79,-36.72,-85.26,-184.79,25.08,-152.30,-45.07,17.81,-34.53,4.22,-184.79,2975,[0.06004902 0.35294118 0.10931373 0.21470588 0.2629902 ]
29200,-364.18,0.90,0.95,0.69,29,14.60,0.00,119.20,-66.53,-41.11,-95.02,-42.27,-60.19,-59.07,-261.40,26.21,-29.35,15.22,-82.55,-112.71,-78.22,-261.40,2558,[0.05967977 0.34667637 0.12663755 0.2127608  0.25424551]
29300,-328.00,0.90,0.98,0.68,28,16.60,0.00,101.40,-61.16,-24.63,-77.50,-55.67,-48.47,-60.58,-15.05,26.61,1.45,20.39,-44.04,-9.38,-10.08,-15.05,2285,[0.06456693 0.35328084 0.11653543 0.19527559 0.27034121]
29400,-313.40,0.70,0.88,0.63,30,7.20,0.00,149.50,-56.00,-16.86,-76.72,-53.85,-47.97,-61.99,-534.27,3.66,-130.73,-119.70,-231.52,2.43,-58.41,-534.27,2726,[0.06763164 0.3443973  0.12103818 0.19665585 0.27027702]
29500,-445.25,0.90,0.98,0.77,31,5.20,0.00,96.90,-56.32,-88.84,-86.07,-79.13,-63.04,-71.85,18.29,33.97,-79.28,22.27,18.13,9.86,13.34,18.29,1966,[0.0666516  0.32489833 0.14143696 0.21170357 0.25530953]
29600,-382.56,0.90,0.97,0.77,30,15.80,0.00,109.50,-50.81,-43.61,-89.53,-52.65,-56.67,-89.30,-73.28,-54.29,-1.40,-66.14,19.88,13.24,15.43,-73.28,1570,[0.05803788 0.34069937 0.13040311 0.20835357 0.26250607]
29700,-401.60,0.70,0.87,0.58,26,45.20,0.00,162.00,-38.10,-34.89,-101.89,-73.00,-70.45,-83.27,-796.01,-82.48,-316.70,10.99,-221.67,-24.80,-161.35,-796.01,2161,[0.06105834 0.34893713 0.12641339 0.21393035 0.24966079]
29800,-354.02,1.00,1.00,0.77,30,7.20,0.00,91.10,-35.79,-38.64,-72.76,-68.74,-62.79,-75.30,98.58,28.17,29.04,16.38,7.08,8.81,9.10,98.58,3155,[0.06497175 0.36581921 0.11487759 0.21869115 0.2356403 ]
29900,-314.59,0.70,0.95,0.74,31,6.60,0.00,117.60,-40.78,-44.69,-67.67,-49.21,-46.38,-65.86,-77.19,-33.83,28.66,22.41,-100.36,2.19,3.74,-77.19,2061,[0.05933089 0.37219028 0.09827496 0.2062206  0.26398327]
30000,-331.16,0.80,0.97,0.73,33,7.60,0.00,106.90,-62.05,-27.20,-78.20,-42.41,-39.67,-81.63,-8.91,21.56,-34.60,-33.00,16.60,8.74,11.79,-8.91,1796,[0.06303152 0.36493247 0.1108054  0.20435218 0.25687844]
30100,-415.39,0.90,0.98,0.78,32,5.20,0.00,97.90,-56.87,-57.03,-105.06,-47.48,-76.11,-72.84,59.00,25.75,30.47,28.03,15.37,-46.80,6.18,59.00,1855,[0.05438638 0.35327501 0.12012296 0.21920076 0.2530149 ]
30200,-336.24,0.80,0.88,0.76,29,22.40,0.00,157.40,-54.34,-30.47,-53.84,-59.61,-60.58,-77.39,-583.85,-49.64,-148.78,-29.01,-157.21,-48.17,-151.04,-583.85,1790,[0.06248462 0.35350554 0.11414514 0.20344403 0.26642066]
30300,-400.71,1.00,1.00,0.73,30,6.20,0.00,89.40,-52.51,-58.97,-61.01,-86.93,-63.25,-78.04,109.85,30.60,25.80,21.30,14.54,8.90,8.71,109.85,1703,[0.06207383 0.35715965 0.11968023 0.21561251 0.24547378]
30400,-330.69,0.90,0.95,0.70,30,5.20,0.00,121.00,-44.82,-43.90,-62.12,-59.08,-38.48,-82.29,-140.48,-82.44,27.22,26.88,-51.15,-59.80,-1.19,-140.48,1471,[0.06780888 0.35183398 0.11920849 0.21838803 0.24276062]
30500,-347.72,0.80,0.93,0.83,30,26.90,0.00,122.90,-53.44,-21.13,-84.24,-66.08,-46.72,-76.11,-233.81,-76.14,33.15,-57.07,-93.11,-50.44,9.80,-233.81,1446,[0.06435772 0.34815198 0.12173688 0.19591626 0.26983717]
30600,-401.56,0.80,0.93,0.57,30,9.00,0.00,125.30,-56.13,-48.96,-94.15,-55.04,-69.58,-77.71,-155.29,-37.71,20.38,-53.73,-45.58,6.50,-45.15,-155.29,1566,[0.06505159 0.34679228 0.1303275  0.21040825 0.24742037]
30700,-372.99,1.00,1.00,0.77,30,5.80,0.00,90.00,-43.01,-27.78,-102.83,-53.43,-66.00,-79.95,115.56,30.60,31.66,19.30,15.40,9.40,9.20,115.56,1511,[0.05386038 0.32871012 0.1319926  0.20758206 0.27785483]
30800,-409.59,0.90,0.97,0.58,31,6.60,0.00,105.80,-76.25,-47.27,-81.51,-67.01,-59.97,-77.58,-91.44,-74.17,-61.38,13.05,16.19,7.30,7.57,-91.44,1631,[0.06212019 0.33130767 0.13234301 0.20414135 0.27008778]
30900,-396.67,0.90,0.98,0.60,30,5.80,0.00,98.40,-93.16,-33.12,-89.22,-40.99,-42.02,-98.15,-10.95,-75.65,23.89,20.44,9.74,-0.15,10.78,-10.95,1603,[0.05518201 0.33990262 0.13540459 0.20333874 0.26617204]
31000,-342.56,0.80,0.93,0.55,29,8.80,0.00,124.80,-67.75,-43.31,-66.95,-65.59,-47.82,-51.14,-198.04,23.79,-89.55,-48.21,21.20,-108.11,2.84,-198.04,1435,[0.05562484 0.37316039 0.10451484 0.2065353  0.26016463]
31100,-367.07,0.80,0.93,0.69,32,11.00,0.00,127.00,-83.19,-36.30,-85.16,-38.06,-34.80,-89.57,-235.56,-5.79,-37.02,-31.21,-108.96,-70.46,17.88,-235.56,1468,[0.06188467 0.34857009 0.13759962 0.20651664 0.24542897]
31200,-362.94,0.60,0.90,0.66,29,11.40,0.00,149.10,-46.27,-31.64,-93.45,-87.87,-45.69,-58.03,-513.29,-195.20,14.81,-47.14,-43.45,-171.88,-70.43,-513.29,1483,[0.05443309 0.35512242 0.1276444  0.22034704 0.24245305]
31300,-292.96,0.80,0.93,0.83,30,10.60,0.00,123.50,-45.56,-16.90,-67.80,-44.31,-53.21,-65.18,-155.53,33.40,-47.07,-65.94,-45.93,10.36,-40.35,-155.53,1339,[0.06045884 0.34385965 0.12307692 0.18596491 0.28663968]
31400,-443.84,0.80,0.97,0.76,29,7.00,0.00,110.40,-84.83,-29.06,-83.24,-62.43,-75.96,-108.31,-80.70,-36.72,24.99,22.87,-116.70,11.46,13.40,-80.70,1552,[0.05828865 0.32245279 0.14082537 0.20890651 0.2695267 ]
31500,-335.08,0.80,0.97,0.63,30,6.80,0.00,113.00,-38.55,-43.96,-102.11,-51.71,-51.67,-47.09,-115.38,24.11,-75.18,-94.14,8.03,9.41,12.39,-115.38,1424,[0.05732484 0.3544831  0.11734444 0.21582558 0.25502205]
31600,-441.26,0.90,0.97,0.86,28,11.00,0.00,107.30,-68.39,-58.51,-111.10,-71.21,-55.35,-76.69,-24.79,-33.54,21.74,23.01,15.66,8.25,-59.91,-24.79,1527,[0.05471698 0.32429245 0.14056604 0.19622642 0.28419811]
31700,-230.60,0.90,0.97,0.83,30,6.20,0.00,107.20,-30.78,-9.66,-61.16,-41.35,-22.11,-65.53,-14.51,24.47,30.71,-47.47,-40.91,9.68,9.01,-14.51,1312,[0.06188467 0.36962025 0.09592124 0.19578059 0.27679325]
31800,-370.93,1.00,1.00,0.87,30,6.00,0.00,89.00,-65.35,-32.38,-79.24,-64.35,-61.70,-67.91,123.70,36.60,25.80,27.80,15.40,8.90,9.20,123.70,1448,[0.05871122 0.30906921 0.16109785 0.19069212 0.28042959]
31900,-360.99,0.90,0.98,0.72,32,5.60,0.00,98.20,-55.16,-35.20,-99.46,-57.08,-46.71,-67.39,-47.75,26.89,28.70,-137.02,12.93,5.80,14.95,-47.75,1586,[0.05558218 0.33540968 0.14206996 0.20364159 0.2632966 ]
32000,-298.26,0.60,0.90,0.74,31,6.40,0.00,141.60,-41.69,-56.06,-53.23,-58.11,-32.43,-56.73,-347.77,26.21,-168.88,-32.15,-86.48,16.10,-102.57,-347.77,1386,[0.06261462 0.33796175 0.12811108 0.19151166 0.27980089]
32100,-373.09,0.90,0.97,0.78,27,16.20,0.00,109.10,-63.53,-32.95,-122.32,-38.75,-41.01,-74.53,-67.63,19.45,-42.62,4.91,-4.00,-60.47,15.10,-67.63,1635,[0.05691595 0.34326053 0.11030223 0.22435473 0.26516656]
32200,-482.01,0.80,0.93,0.73,30,19.20,0.00,134.90,-73.62,-72.85,-109.14,-81.35,-57.42,-87.63,-296.24,-81.01,-56.98,-70.00,-90.23,1.68,0.30,-296.24,1628,[0.05980591 0.32340329 0.15030467 0.19702099 0.26946513]
32300,-315.62,0.90,0.98,0.80,30,7.60,0.00,96.70,-52.94,-16.69,-45.48,-106.82,-35.74,-57.94,13.86,-65.06,28.97,14.46,16.09,9.89,9.51,13.86,1423,[0.05659892 0.35502959 0.1119115  0.19861075 0.27784924]
32400,-358.32,0.70,0.87,0.67,30,58.80,0.00,162.20,-50.39,-73.19,-48.27,-53.94,-57.06,-75.48,-810.96,-126.82,-281.79,9.97,-200.56,-132.46,-79.30,-810.96,1436,[0.05357143 0.34548611 0.13566468 0.22197421 0.24330357]
32500,-396.08,0.80,0.90,0.77,31,9.40,0.00,138.60,-81.85,-24.50,-87.52,-54.72,-83.53,-63.97,-364.04,-44.67,32.42,24.26,-43.44,-186.23,-146.38,-364.04,1517,[0.06163581 0.32669323 0.13733302 0.20178111 0.27255683]
32600,-296.07,0.80,0.92,0.77,30,25.20,0.00,136.80,-50.51,-21.36,-54.37,-44.81,-36.02,-88.99,-411.04,-96.18,36.10,-123.54,15.46,-195.24,-47.64,-411.04,1579,[0.05297297 0.35540541 0.12054054 0.19       0.28108108]
32700,-312.71,0.80,0.93,0.71,31,7.40,0.00,130.20,-52.14,-34.68,-69.51,-48.86,-45.00,-62.52,-361.94,-37.04,-111.74,-133.43,4.86,11.06,-95.65,-361.94,2717,[0.05346386 0.3561747  0.11094378 0.21285141 0.26656627]
32800,-287.59,0.80,0.95,0.89,28,22.80,0.00,129.20,-62.97,-20.11,-65.99,-25.98,-58.08,-54.45,-345.55,-36.23,-125.31,26.83,-103.16,-53.58,-54.10,-345.55,1429,[0.05086445 0.32598346 0.15359559 0.2047106  0.2648459 ]
32900,-331.01,0.90,0.98,0.72,29,9.70,0.00,111.30,-43.01,-41.60,-58.44,-80.76,-42.23,-64.96,-60.07,-44.08,16.89,24.96,15.59,-48.41,-25.02,-60.07,1785,[0.05562273 0.34945586 0.12309553 0.23434099 0.23748489]
33000,-368.98,0.50,0.78,0.77,30,7.40,0.00,201.80,-53.61,-19.78,-91.98,-69.74,-67.47,-66.40,-838.11,-77.58,-37.51,-190.02,-222.95,-226.27,-83.78,-838.11,1623,[0.05389222 0.34686183 0.12597028 0.22998448 0.2432912 ]
33100,-170.82,0.70,0.92,0.73,30,11.80,0.00,130.30,-16.83,-12.22,-41.92,-26.16,-33.01,-40.68,-345.54,15.21,-74.91,-35.10,-90.31,-93.28,-67.15,-345.54,1259,[0.05268022 0.39186691 0.08009858 0.18607517 0.28927911]
33200,-282.87,0.80,0.93,0.83,30,5.80,0.00,121.70,-40.25,-46.00,-65.69,-22.32,-57.92,-50.70,-160.85,-39.71,33.15,-72.76,20.80,-113.57,11.24,-160.85,1370,[0.05642876 0.33187323 0.13218243 0.19531049 0.2842051 ]
33300,-324.11,0.80,0.93,0.82,28,6.40,0.00,124.60,-45.59,-33.92,-84.66,-38.91,-60.65,-60.39,-180.35,28.56,30.92,-50.50,15.28,-156.20,-48.41,-180.35,1409,[0.05077539 0.35442721 0.12156078 0.21285643 0.26038019]
33400,-415.37,0.90,0.98,0.76,33,19.40,0.00,107.30,-56.62,-60.36,-91.40,-47.46,-68.06,-91.48,-57.62,-31.48,-35.72,28.04,9.45,2.10,-30.01,-57.62,1527,[0.04867872 0.3646268  0.11219286 0.22044506 0.25405656]
33500,-307.48,0.80,0.97,0.81,31,4.60,0.00,105.20,-54.76,-67.85,-54.66,-31.77,-32.69,-65.74,-56.16,23.35,-49.75,33.92,11.44,-85.33,10.21,-56.16,1328,[0.05063291 0.35227579 0.12388904 0.20172367 0.27147859]
33600,-382.95,0.70,0.88,0.74,31,23.40,0.00,147.80,-54.46,-53.45,-65.16,-51.18,-69.80,-88.89,-520.21,23.98,-43.43,-122.21,-192.61,-131.63,-54.31,-520.21,1590,[0.05017301 0.37024221 0.10133465 0.23381117 0.24443895]
33700,-352.73,0.40,0.68,0.69,26,55.00,0.00,257.40,-23.50,-58.26,-65.62,-67.34,-58.44,-79.58,-1506.81,-212.82,-267.91,-223.69,-239.65,-184.60,-378.14,-1506.81,1849,[0.04764357 0.36466649 0.11975277 0.22379603 0.24414113]
33800,-359.46,0.70,0.92,0.73,33,7.00,0.00,131.80,-67.62,-7.28,-86.70,-58.20,-77.40,-62.25,-214.22,-89.04,-55.79,20.71,-58.76,17.34,-48.68,-214.22,3026,[0.04785038 0.34151081 0.12581977 0.20573233 0.27908671]
33900,-367.25,0.90,0.97,0.80,30,5.20,0.00,107.40,-67.36,-49.62,-68.53,-54.13,-48.51,-79.11,-15.40,33.72,27.24,-53.94,13.41,-46.74,10.91,-15.40,2148,[0.0526075  0.34400732 0.1278591  0.22849954 0.24702653]
34000,-299.01,0.80,0.93,0.93,28,6.20,0.00,123.50,-40.58,-43.33,-64.32,-42.87,-44.25,-63.65,-166.00,-33.75,26.12,-29.06,17.40,-157.65,10.94,-166.00,3072,[0.05810811 0.3672973  0.10513514 0.21405405 0.25540541]
34100,-194.73,1.00,1.00,0.78,32,4.60,0.00,89.10,-38.29,-15.50,-52.42,-25.56,-21.74,-41.22,125.06,30.17,31.69,25.38,16.40,8.51,12.91,125.06,1707,[0.05457103 0.3907173  0.09395218 0.20562588 0.25513361]
34200,-298.11,1.00,1.00,0.73,30,6.00,0.00,89.20,-41.53,-20.41,-68.08,-55.70,-28.82,-83.57,111.36,30.26,28.80,18.80,15.40,8.90,9.20,111.36,1450,[0.04815409 0.36784377 0.09898341 0.22097378 0.26404494]
34300,-301.94,1.00,1.00,0.53,30,6.00,0.00,111.40,-60.52,-33.30,-65.97,-19.53,-50.19,-72.42,14.05,-67.05,25.80,21.80,15.40,8.90,9.20,14.05,2192,[0.05331992 0.35613682 0.11846076 0.21529175 0.25679074]
34400,-320.34,0.80,0.95,0.82,28,5.20,0.00,127.30,-46.37,-59.69,-68.09,-59.81,-24.59,-61.79,-215.13,-38.63,-60.09,-54.06,9.76,-62.24,-9.87,-215.13,2244,[0.05594071 0.35333493 0.121683   0.22591442 0.24312694]
34500,-261.27,0.80,0.95,0.73,30,8.40,0.00,116.00,-38.49,-10.80,-63.42,-49.64,-29.65,-69.28,-101.33,-39.67,21.67,-52.10,-39.82,6.37,2.22,-101.33,1433,[0.05266001 0.36240886 0.10234945 0.22279233 0.25978936]
34600,-219.84,0.90,0.95,0.65,31,13.60,0.00,114.30,-29.10,-27.92,-44.30,-38.35,-38.73,-41.44,-181.68,7.26,-34.99,-85.55,14.98,11.62,-95.00,-181.68,1291,[0.04926686 0.38152493 0.1        0.20909091 0.2601173 ]
34700,-465.33,0.90,0.98,0.78,32,13.40,0.00,103.70,-77.03,-67.96,-108.59,-48.38,-77.06,-86.30,0.15,12.47,-43.73,30.17,11.09,6.54,-16.39,0.15,1701,[0.05550793 0.35640806 0.11015859 0.25117874 0.22674668]
34800,-260.15,0.70,0.85,0.62,29,44.80,0.00,166.00,-44.99,-19.49,-46.22,-53.33,-42.83,-53.29,-729.62,-55.22,-77.13,-198.19,-48.97,-196.90,-153.21,-729.62,1478,[0.04918033 0.37423156 0.09836066 0.22745902 0.25076844]
34900,-303.56,1.00,1.00,0.67,30,5.60,0.00,89.20,-44.91,-26.53,-59.72,-48.01,-47.47,-76.92,110.39,21.60,34.49,19.80,15.40,9.90,9.20,110.39,2829,[0.05208333 0.35193452 0.12524802 0.21453373 0.2562004 ]
35000,-256.66,0.70,0.90,0.72,32,24.20,0.00,142.20,-32.31,-32.75,-50.33,-44.39,-34.36,-62.52,-502.17,24.18,-46.37,-122.19,-113.34,-91.65,-152.80,-502.17,1541,[0.05728886 0.38972566 0.07799892 0.22350726 0.25147929]
35100,-290.51,0.90,0.97,0.65,31,7.00,0.00,106.30,-61.27,-14.27,-61.20,-30.82,-70.05,-52.91,-60.58,18.72,24.49,19.49,13.27,-88.91,-47.64,-60.58,1532,[0.04860011 0.34442684 0.12414157 0.20311675 0.27971474]
35200,-292.69,0.80,0.92,0.83,29,21.20,0.00,136.20,-67.63,-17.07,-46.36,-42.71,-57.95,-60.97,-316.49,-42.55,-25.82,-77.13,19.69,-137.77,-52.91,-316.49,1561,[0.04669559 0.35902016 0.1117632  0.21306456 0.26945649]
35300,-279.63,0.90,0.97,0.66,29,7.40,0.00,109.20,-62.47,-5.00,-75.09,-36.91,-35.48,-64.68,-36.28,18.04,25.25,22.56,-52.95,4.23,-53.41,-36.28,1514,[0.05144033 0.34696502 0.12139918 0.20576132 0.27443416]
35400,-261.82,0.80,0.97,0.83,29,11.40,0.00,123.10,-33.56,-34.52,-39.54,-35.59,-58.14,-60.48,-150.63,9.44,32.62,8.68,-72.00,-80.08,-49.29,-150.63,1517,[0.04662379 0.35744909 0.1227224  0.2119507  0.26125402]
35500,-251.16,0.90,0.97,0.81,27,7.20,0.00,111.00,-34.75,-10.96,-58.62,-47.75,-50.96,-48.11,-101.99,26.61,-54.60,-28.96,13.36,9.82,-68.22,-101.99,1418,[0.05032293 0.35468245 0.12621098 0.2088267  0.25995694]
35600,-249.18,0.90,0.97,0.73,30,6.20,0.00,105.20,-67.93,-17.27,-43.63,-55.00,-31.55,-33.80,-32.69,24.24,29.71,22.75,-59.59,-61.36,11.56,-32.69,1445,[0.05037716 0.36880388 0.09078664 0.21794181 0.27209052]
35700,-246.99,0.70,0.90,0.86,28,30.40,0.00,157.30,-39.78,-22.98,-43.05,-44.63,-33.83,-62.72,-578.49,-149.19,-122.83,-93.96,-71.94,-68.58,-71.99,-578.49,1425,[0.04763186 0.36786868 0.11437029 0.21124865 0.25888052]
35800,-222.40,1.00,1.00,0.80,30,5.40,0.00,88.20,-33.87,-37.32,-29.66,-19.39,-51.44,-50.73,120.47,32.74,28.50,23.30,16.76,9.50,9.67,120.47,1397,[0.04860924 0.3821226  0.10072914 0.21442074 0.25411828]
35900,-236.60,0.70,0.93,0.67,27,12.90,0.00,132.80,-52.81,-35.74,-26.33,-43.28,-35.53,-42.92,-268.27,18.58,-81.52,-64.83,19.67,-123.92,-36.25,-268.27,1580,[0.04931715 0.36975215 0.11203844 0.22331816 0.2455741 ]
36000,-354.22,0.90,0.95,0.79,28,22.60,0.00,114.20,-56.47,-55.62,-66.52,-45.06,-53.10,-77.45,-161.65,-38.46,30.28,-84.08,9.44,-88.11,9.28,-161.65,1561,[0.04542177 0.35712569 0.11006969 0.23335737 0.25402547]
36100,-351.42,0.60,0.87,0.59,32,16.60,0.00,171.00,-67.44,-51.81,-64.55,-61.62,-57.65,-48.35,-712.43,-143.56,-112.99,-75.24,-27.17,-201.68,-151.79,-712.43,1564,[0.04217884 0.3615329  0.10942396 0.22439142 0.26247289]
36200,-262.31,0.70,0.93,0.77,30,13.40,0.00,134.90,-43.21,-30.25,-60.27,-34.52,-58.04,-36.01,-268.16,-131.86,24.08,-52.21,-6.36,0.43,-102.24,-268.16,1490,[0.05102551 0.35517759 0.1068034  0.22811406 0.25887944]
36300,-270.56,0.70,0.90,0.67,33,12.60,0.00,144.30,-48.19,-15.82,-36.40,-46.11,-54.24,-69.80,-481.25,15.54,-121.10,-233.66,-163.59,1.19,20.37,-481.25,1467,[0.04918471 0.37182572 0.09997327 0.23015237 0.24886394]
36400,-335.07,0.90,0.97,0.70,30,6.20,0.00,105.30,-54.11,-61.60,-49.61,-69.76,-44.23,-55.75,-57.33,31.43,26.19,20.95,7.44,-70.97,-72.37,-57.33,1551,[0.04869097 0.34499633 0.14215806 0.22534867 0.23880597]
36500,-173.94,0.80,0.93,0.84,32,4.60,0.00,123.60,-28.37,-21.80,-44.31,-22.67,-28.64,-28.15,-269.02,-54.77,38.71,-127.83,18.14,-94.36,-48.91,-269.02,1344,[0.04441219 0.38113208 0.09288824 0.20261248 0.27895501]
36600,-316.20,0.80,0.93,0.76,29,5.80,0.00,131.40,-40.95,-38.04,-60.93,-41.62,-44.64,-90.03,-247.81,0.93,33.25,-55.16,-84.86,-43.86,-98.11,-247.81,1499,[0.04338235 0.35465686 0.11740196 0.22696078 0.25759804]
36700,-270.00,0.90,0.98,0.71,34,5.20,0.00,95.70,-32.34,-32.58,-73.97,-42.70,-53.82,-34.58,-35.06,34.70,24.76,19.21,23.11,-144.60,7.76,-35.06,1419,[0.0463036  0.37832149 0.0952381  0.22941331 0.25072349]
36800,-191.01,0.80,0.93,0.87,30,28.00,0.00,133.10,-38.97,-13.88,-44.99,-16.37,-36.19,-40.60,-414.10,-52.35,26.68,13.99,-131.07,-128.94,-142.41,-414.10,1469,[0.05472366 0.37435339 0.10645249 0.2153553  0.24911516]
36900,-275.72,0.70,0.92,0.79,29,8.40,0.00,132.20,-49.10,-23.03,-61.05,-53.62,-34.75,-54.17,-290.00,23.59,16.94,-199.94,-44.05,-99.71,13.17,-290.00,1455,[0.0425641  0.35282051 0.12333333 0.22897436 0.25230769]
37000,-316.92,1.00,1.00,0.82,33,6.40,0.00,85.90,-68.45,-40.17,-72.87,-34.18,-44.76,-56.48,127.83,30.80,32.12,24.51,15.59,11.24,13.57,127.83,1448,[0.0425641  0.31923077 0.16076923 0.19974359 0.27769231]
37100,-240.00,0.70,0.88,0.66,29,16.10,0.00,149.50,-25.97,-32.95,-37.78,-30.29,-50.57,-62.44,-526.33,-51.43,-56.00,-132.73,-70.87,-145.63,-69.67,-526.33,1428,[0.04229448 0.3343907  0.13534232 0.19878403 0.28918847]
37200,-182.32,0.80,0.95,0.90,29,11.80,0.00,118.50,-24.25,-9.58,-38.18,-12.82,-39.70,-57.79,-157.09,27.24,-50.54,-145.76,18.01,2.37,-8.41,-157.09,1375,[0.04069288 0.37393456 0.10475667 0.22793511 0.25268078]
37300,-213.72,0.60,0.90,0.83,30,10.40,0.00,140.40,-39.66,-25.06,-59.40,-30.68,-16.61,-42.31,-342.48,-37.41,24.18,-135.29,-146.85,5.63,-52.74,-342.48,1391,[0.03685768 0.36185096 0.11245628 0.22222222 0.26661286]
37400,-184.33,0.80,0.95,0.68,31,6.40,0.00,115.00,-42.49,-10.95,-44.79,-9.29,-32.26,-44.54,-77.84,-40.24,31.60,15.32,-51.94,-47.56,14.98,-77.84,1402,[0.04454343 0.31291759 0.155902   0.18374165 0.30289532]
37500,-270.97,0.80,0.95,0.73,30,16.20,0.00,113.90,-44.24,-15.44,-55.69,-49.39,-45.44,-60.76,-109.23,22.72,-115.38,-52.83,16.08,9.05,11.13,-109.23,1482,[0.04207858 0.37110266 0.11051965 0.22230672 0.2539924 ]
37600,-226.51,0.80,0.97,0.60,35,4.20,0.00,105.10,-28.93,-18.81,-32.85,-41.21,-49.30,-55.41,-84.82,-80.58,30.60,-80.23,12.30,20.51,12.58,-84.82,1388,[0.04712182 0.33868809 0.1352075  0.20080321 0.27817938]
37700,-169.54,0.60,0.83,0.67,27,11.20,0.00,172.70,-20.82,-11.58,-40.02,-30.86,-40.62,-25.63,-718.85,-69.57,-72.72,-150.17,-87.44,-170.38,-168.57,-718.85,1294,[0.04285714 0.40267857 0.08422619 0.21130952 0.25892857]
37800,-199.02,0.90,0.98,0.84,31,6.40,0.00,99.10,-45.42,-2.89,-24.97,-44.80,-30.93,-50.01,16.34,26.03,-70.78,25.93,16.43,7.04,11.69,16.34,1333,[0.03674614 0.37980365 0.10322581 0.22664797 0.25357644]
37900,-203.41,0.90,0.98,0.72,29,6.20,0.00,99.70,-32.19,-5.17,-38.05,-42.09,-35.81,-50.10,29.55,28.02,4.03,26.87,7.44,13.00,-49.81,29.55,1419,[0.03887576 0.39296034 0.09666404 0.23824534 0.23325453]
38000,-160.65,1.00,1.00,0.76,29,4.00,0.00,93.20,-24.27,-9.78,-38.63,-28.62,-39.71,-19.65,83.86,28.67,-10.37,28.54,14.80,14.31,7.91,83.86,1373,[0.04164322 0.35171638 0.12915025 0.20118177 0.27630838]
38100,-177.03,0.80,0.97,0.76,25,11.60,0.00,110.40,-18.46,-13.04,-51.46,-13.89,-40.17,-40.01,-147.68,-166.75,21.23,24.10,8.50,9.83,-44.59,-147.68,1924,[0.03440496 0.36125212 0.11449521 0.20642978 0.28341794]
38200,-167.73,0.90,0.98,0.77,31,6.80,0.00,96.60,-28.35,-9.56,-37.66,-10.53,-10.49,-71.14,69.92,28.43,38.63,26.21,-44.04,13.41,7.28,69.92,2335,[0.04231884 0.38405797 0.09826087 0.21478261 0.26057971]
38300,-216.06,0.80,0.97,0.75,32,7.40,0.00,106.50,-34.14,-12.89,-41.73,-39.88,-46.99,-40.43,-43.34,-25.49,-65.93,27.65,19.14,2.14,-0.85,-43.34,2017,[0.04308131 0.36890157 0.1149786  0.21141227 0.26162625]
38400,-114.73,1.00,1.00,0.67,30,5.20,0.00,90.10,-14.45,-2.33,-28.09,-28.11,-10.18,-31.57,103.74,25.67,21.23,23.14,16.14,7.89,9.67,103.74,1231,[0.04179761 0.39252043 0.09145192 0.20427404 0.269956  ]
38500,-168.04,0.80,0.93,0.79,28,7.20,0.00,124.60,-9.98,2.95,-32.48,-37.06,-40.60,-50.87,-238.92,-130.86,27.32,-52.79,-89.21,-4.50,11.12,-238.92,1305,[0.03746807 0.39057621 0.09083168 0.20635822 0.27476582]
38600,-190.06,0.70,0.93,0.82,33,5.20,0.00,124.40,-17.14,-29.33,-44.51,-25.53,-33.57,-39.96,-115.58,-94.16,-30.63,27.34,-39.36,9.27,11.96,-115.58,1271,[0.03878437 0.38523878 0.09927641 0.20434153 0.2723589 ]
38700,-193.98,0.70,0.95,0.83,30,9.40,0.00,116.50,-16.35,-32.63,-35.62,-19.56,-54.40,-35.42,-76.07,28.65,16.24,12.96,-99.70,5.10,-39.32,-76.07,1320,[0.03883766 0.36797988 0.10924839 0.21234982 0.27158424]
38800,-172.15,0.90,0.98,0.69,35,5.00,0.00,101.00,-32.72,-26.30,-24.42,-15.52,-26.63,-46.55,35.50,19.05,35.58,-51.90,16.90,15.69,0.18,35.50,1399,[0.03876822 0.34643937 0.13005224 0.1965906  0.28814957]
38900,-270.16,0.80,0.97,0.74,27,7.00,0.00,116.80,-31.24,-27.14,-52.91,-43.63,-58.21,-57.03,-101.96,-46.03,36.63,15.98,-69.78,-43.38,4.62,-101.96,1518,[0.0349087  0.35714286 0.12889366 0.20085929 0.27819549]
39000,-201.12,0.90,0.98,0.67,33,4.00,0.00,93.90,-28.02,-17.33,-39.51,-29.03,-42.41,-44.84,-16.09,23.38,21.42,29.14,-118.73,14.38,14.32,-16.09,1419,[0.03900325 0.35915493 0.10752979 0.21370531 0.28060672]
39100,-169.12,0.90,0.98,0.77,30,5.40,0.00,99.30,-16.96,-3.00,-41.60,-19.35,-22.90,-65.31,6.17,24.69,-73.42,25.08,19.33,0.47,10.02,6.17,1427,[0.03606642 0.39595226 0.0928905  0.24234561 0.2327452 ]
39200,-161.00,0.80,0.88,0.83,30,44.40,0.00,152.10,-16.77,-28.06,-40.58,-50.36,-7.77,-17.46,-644.26,-77.58,-82.37,-31.66,-95.11,-213.82,-143.72,-644.26,1278,[0.04135225 0.35617265 0.12556595 0.20313915 0.27377   ]
39300,-228.55,0.90,0.95,0.80,30,6.00,0.00,115.30,-17.49,-25.86,-66.86,-31.21,-43.06,-44.07,-76.65,-48.12,38.13,-44.06,21.16,5.32,-49.08,-76.65,1551,[0.03265903 0.34925664 0.12698026 0.23105045 0.26005362]
39400,-201.70,1.00,1.00,0.72,29,5.00,0.00,89.80,-23.16,-24.43,-27.80,-39.73,-29.98,-56.59,118.96,23.53,32.11,27.35,15.03,13.24,7.70,118.96,1474,[0.04194319 0.35280064 0.11919299 0.21396337 0.27209981]
39500,-191.95,0.80,0.90,0.77,30,24.20,0.00,138.40,-41.61,-8.83,-22.61,-40.25,-19.02,-59.64,-325.03,-52.43,-38.59,-36.10,-59.79,11.93,-150.05,-325.03,1637,[0.03776042 0.32630208 0.15390625 0.20651042 0.27552083]
39600,-181.94,0.90,0.98,0.80,30,8.80,0.00,97.70,-21.71,-19.45,-59.62,-21.41,-20.00,-39.74,51.86,-25.36,45.39,20.44,0.48,-0.86,11.77,51.86,1488,[0.03492746 0.33100484 0.14373992 0.20123589 0.28909189]
39700,-158.92,1.00,1.00,0.87,30,5.20,0.00,89.00,-5.47,-21.15,-26.77,-30.77,-26.68,-48.08,133.74,33.60,37.84,26.80,15.40,10.90,9.20,133.74,1347,[0.0305949  0.38470255 0.10566572 0.21869688 0.26033994]
39800,-312.79,0.60,0.90,0.68,25,25.80,0.00,159.20,-29.64,-41.11,-65.36,-31.61,-59.91,-85.16,-592.31,-123.25,-60.84,-180.23,-156.19,18.30,-90.10,-592.31,1492,[0.03324873 0.36218274 0.11903553 0.22030457 0.26522843]
39900,-170.02,0.90,0.97,0.77,30,5.60,0.00,105.90,-23.47,-13.58,-47.40,-25.00,-34.91,-25.66,-16.35,31.10,-52.33,24.29,14.10,-45.44,11.93,-16.35,1423,[0.03712607 0.36351496 0.12526709 0.21020299 0.26388889]
40000,-232.72,0.90,0.97,0.59,27,24.80,0.00,115.90,-15.84,-26.63,-45.08,-45.63,-52.35,-47.19,-168.87,20.75,-66.61,-116.36,20.09,10.95,-37.69,-168.87,1431,[0.03731146 0.36464673 0.11087589 0.22863191 0.258534  ]
